"date","state","actual"
2021-11-14,"ND",5.32300997913841
2021-11-14,"WA",7.20563517641036
2021-11-14,"MD",6.7093043402583
2021-11-14,"VT",5.605802066296
2021-11-14,"ME",5.89715386763674
2021-11-14,"NE",0
2021-11-14,"DE",5.91620206260743
2021-11-14,"WI",0
2021-11-14,"GU",3.40119738166216
2021-11-14,"MI",0
2021-11-14,"CT",0
2021-11-14,"NV",0
2021-11-14,"IN",0
2021-11-14,"ID",0
2021-11-14,"MO",6.60800062529609
2021-11-14,"MT",0
2021-11-14,"IL",0
2021-11-14,"MS",0
2021-11-14,"AL",5.41610040220442
2021-11-14,"CA",0
2021-11-14,"NC",7.46508273639955
2021-11-14,"NH",0
2021-11-14,"VI",0
2021-11-14,"OR",0
2021-11-14,"FSM",0
2021-11-14,"SC",6.65801104587075
2021-11-14,"NJ",7.43955930913332
2021-11-14,"DC",0
2021-11-14,"MN",0
2021-11-14,"KY",6.68210859744981
2021-11-14,"AZ",8.03495502450216
2021-11-14,"RI",5.7037824746562
2021-11-14,"LA",0
2021-11-14,"VA",0
2021-11-14,"WY",0
2021-11-14,"KS",0
2021-11-14,"AS",0
2021-11-14,"AR",5.73009978297357
2021-11-14,"MP",0
2021-11-14,"PW",0
2021-11-14,"UT",0
2021-11-14,"HI",4.29045944114839
2021-11-14,"AK",0
2021-11-14,"FL",6.98841318199959
2021-11-14,"GA",0
2021-11-14,"OK",0
2021-11-14,"NYC",7.51043055637801
2021-11-14,"CO",7.98854298273769
2021-11-14,"TX",6.31716468674728
2021-11-14,"PR",4.54329478227
2021-11-14,"MA",0
2021-11-14,"WV",6.50876913697168
2021-11-14,"TN",6.60665018619822
2021-11-14,"PA",8.46653127661401
2021-11-14,"IA",0
2021-11-14,"OH",8.19671240721307
2021-11-14,"RMI",0
2021-11-14,"SD",0
2021-11-14,"NM",0
2021-11-14,"NY",8.34212526333359
2021-11-16,"ND",6.44094654063292
2021-11-16,"WA",7.17472430983638
2021-11-16,"MD",6.55535689181067
2021-11-16,"VT",5.14749447681345
2021-11-16,"ME",7.03702761468628
2021-11-16,"NE",6.97354301952014
2021-11-16,"DE",5.00394630594546
2021-11-16,"WI",8.44268513924118
2021-11-16,"GU",3.49650756146648
2021-11-16,"MI",9.05497228474248
2021-11-16,"CT",6.30078579466324
2021-11-16,"NV",6.82437367004309
2021-11-16,"IN",7.94058382710424
2021-11-16,"ID",6.49978704065585
2021-11-16,"MO",7.45124168498768
2021-11-16,"MT",6.93925394604151
2021-11-16,"IL",8.00836557031292
2021-11-16,"MS",6.09356977004514
2021-11-16,"AL",6.45833828334479
2021-11-16,"CA",8.41538192526955
2021-11-16,"NC",7.43955930913332
2021-11-16,"NH",6.70808408385307
2021-11-16,"VI",2.39789527279837
2021-11-16,"OR",6.65286302935335
2021-11-16,"FSM",0
2021-11-16,"SC",6.12029741895095
2021-11-16,"NJ",7.46164039220858
2021-11-16,"DC",4.44265125649032
2021-11-16,"MN",9.29697667863573
2021-11-16,"KY",7.45818615734049
2021-11-16,"AZ",8.08363720314155
2021-11-16,"RI",6.32076829425058
2021-11-16,"LA",6.15485809401642
2021-11-16,"VA",7.83715965000168
2021-11-16,"WY",5.73979291217923
2021-11-16,"KS",0
2021-11-16,"AS",0
2021-11-16,"AR",6.70318811324086
2021-11-16,"MP",1.6094379124341
2021-11-16,"PW",0
2021-11-16,"UT",7.12205988162914
2021-11-16,"HI",4.07753744390572
2021-11-16,"AK",5.84643877505772
2021-11-16,"FL",7.48605261786314
2021-11-16,"GA",7.12044437239249
2021-11-16,"OK",6.57646956904822
2021-11-16,"NYC",7.24992553671799
2021-11-16,"CO",7.98514393119862
2021-11-16,"TX",8.36683530982767
2021-11-16,"PR",5.03043792139244
2021-11-16,"MA",7.6889133368648
2021-11-16,"WV",6.40522845803084
2021-11-16,"TN",7.18387071506245
2021-11-16,"PA",8.66198593631778
2021-11-16,"IA",7.58882987830781
2021-11-16,"OH",8.6376393444921
2021-11-16,"RMI",0
2021-11-16,"SD",6.80793494369993
2021-11-16,"NM",6.93147180559945
2021-11-16,"NY",8.28399930424853
2021-10-26,"ND",6.46769872610435
2021-10-26,"WA",7.39817409297047
2021-10-26,"MD",6.39359075395063
2021-10-26,"VT",4.45434729625351
2021-10-26,"ME",6.31896811374643
2021-10-26,"NE",6.39526159811545
2021-10-26,"DE",4.61512051684126
2021-10-26,"WI",7.97865372908273
2021-10-26,"GU",4.80402104473326
2021-10-26,"MI",8.40380050406115
2021-10-26,"CT",5.54126354515843
2021-10-26,"NV",6.58617165485467
2021-10-26,"IN",7.25134498337221
2021-10-26,"ID",7.20414929203594
2021-10-26,"MO",0
2021-10-26,"MT",7.02464903045364
2021-10-26,"IL",7.70255611326858
2021-10-26,"MS",7.42117752859539
2021-10-26,"AL",8.89384721767028
2021-10-26,"CA",10.1090372354493
2021-10-26,"NC",7.39203156751459
2021-10-26,"NH",0
2021-10-26,"VI",2.30258509299405
2021-10-26,"OR",7.3185395485679
2021-10-26,"FSM",0
2021-10-26,"SC",6.39526159811545
2021-10-26,"NJ",7.29573507274928
2021-10-26,"DC",3.71357206670431
2021-10-26,"MN",8.7830896717961
2021-10-26,"KY",7.02464903045364
2021-10-26,"AZ",6.11146733950268
2021-10-26,"RI",5.30330490805908
2021-10-26,"LA",6.13339804299665
2021-10-26,"VA",7.39756153552405
2021-10-26,"WY",5.8348107370626
2021-10-26,"KS",0
2021-10-26,"AS",0
2021-10-26,"AR",6.22059017009974
2021-10-26,"MP",0
2021-10-26,"PW",0
2021-10-26,"UT",7.38709023565676
2021-10-26,"HI",4.24849524204936
2021-10-26,"AK",6.61069604471776
2021-10-26,"FL",7.57814547241947
2021-10-26,"GA",7.06646697013696
2021-10-26,"OK",7.87966991460429
2021-10-26,"NYC",6.62140565176413
2021-10-26,"CO",7.71199650704767
2021-10-26,"TX",8.70201162840878
2021-10-26,"PR",4.46590811865458
2021-10-26,"MA",7.29233717617388
2021-10-26,"WV",6.57228254269401
2021-10-26,"TN",6.93537044601511
2021-10-26,"PA",8.22764270790443
2021-10-26,"IA",7.69757534680234
2021-10-26,"OH",8.24485939591126
2021-10-26,"RMI",0
2021-10-26,"SD",6.57786135772105
2021-10-26,"NM",6.53233429222235
2021-10-26,"NY",7.40367029001237
2021-11-25,"ND",5.16478597392351
2021-11-25,"WA",7.02731451403978
2021-11-25,"MD",7.01750614294126
2021-11-25,"VT",6.22059017009974
2021-11-25,"ME",6.24416690066374
2021-11-25,"NE",5.92958914338989
2021-11-25,"DE",6.21260609575152
2021-11-25,"WI",8.36869318309779
2021-11-25,"GU",2.30258509299405
2021-11-25,"MI",8.62407255304333
2021-11-25,"CT",0
2021-11-25,"NV",5.97635090929793
2021-11-25,"IN",7.83557924666997
2021-11-25,"ID",0
2021-11-25,"MO",7.20711885620776
2021-11-25,"MT",0
2021-11-25,"IL",8.25660734462616
2021-11-25,"MS",5.28826703069454
2021-11-25,"AL",4.60517018598809
2021-11-25,"CA",8.34188696951619
2021-11-25,"NC",7.71735127218533
2021-11-25,"NH",6.82001636467413
2021-11-25,"VI",0
2021-11-25,"OR",6.24804287450843
2021-11-25,"FSM",0
2021-11-25,"SC",6.63594655568665
2021-11-25,"NJ",7.95577578153419
2021-11-25,"DC",0
2021-11-25,"MN",0
2021-11-25,"KY",7.57865685059476
2021-11-25,"AZ",8.11671562481911
2021-11-25,"RI",6.49375383985169
2021-11-25,"LA",5.52545293913178
2021-11-25,"VA",7.14519613499717
2021-11-25,"WY",0
2021-11-25,"KS",6.71659477352098
2021-11-25,"AS",0
2021-11-25,"AR",6.36302810354046
2021-11-25,"MP",3.49650756146648
2021-11-25,"PW",0
2021-11-25,"UT",0
2021-11-25,"HI",4.34380542185368
2021-11-25,"AK",0
2021-11-25,"FL",6.98193467715639
2021-11-25,"GA",6.55250788703459
2021-11-25,"OK",6.62273632394984
2021-11-25,"NYC",8.02289686960146
2021-11-25,"CO",7.99631723179675
2021-11-25,"TX",8.40827078419205
2021-11-25,"PR",0
2021-11-25,"MA",0
2021-11-25,"WV",6.43133108193348
2021-11-25,"TN",7.34923082461333
2021-11-25,"PA",8.69131455164485
2021-11-25,"IA",0
2021-11-25,"OH",0
2021-11-25,"RMI",0
2021-11-25,"SD",0
2021-11-25,"NM",6.9177056098353
2021-11-25,"NY",8.81922185757494
2021-10-08,"ND",6.31535800152233
2021-10-08,"WA",7.74889133725553
2021-10-08,"MD",7.07072410726028
2021-10-08,"VT",5.52146091786225
2021-10-08,"ME",6.17378610390194
2021-10-08,"NE",6.71659477352098
2021-10-08,"DE",6.21460809842219
2021-10-08,"WI",8.1789193328484
2021-10-08,"GU",3.95124371858143
2021-10-08,"MI",8.50045386741194
2021-10-08,"CT",6.23441072571837
2021-10-08,"NV",6.61472560020376
2021-10-08,"IN",8.14467918344776
2021-10-08,"ID",7.42833319419081
2021-10-08,"MO",7.16162200293919
2021-10-08,"MT",7.1770187659099
2021-10-08,"IL",7.91753635394363
2021-10-08,"MS",5.84932477994686
2021-10-08,"AL",6.91869521902047
2021-10-08,"CA",8.81150325015824
2021-10-08,"NC",8.35702443926342
2021-10-08,"NH",6.4723462945009
2021-10-08,"VI",2.30258509299405
2021-10-08,"OR",7.35115822643069
2021-10-08,"FSM",0
2021-10-08,"SC",7.51697722460432
2021-10-08,"NJ",7.53369370984863
2021-10-08,"DC",5.12989871492307
2021-10-08,"MN",8.20138595523861
2021-10-08,"KY",7.45703208912238
2021-10-08,"AZ",7.90211754627645
2021-10-08,"RI",5.8406416573734
2021-10-08,"LA",6.66949808985788
2021-10-08,"VA",7.83715965000168
2021-10-08,"WY",6.29156913955832
2021-10-08,"KS",7.00940893270864
2021-10-08,"AS",0
2021-10-08,"AR",6.60665018619822
2021-10-08,"MP",1.6094379124341
2021-10-08,"PW",1.38629436111989
2021-10-08,"UT",7.40123126441302
2021-10-08,"HI",5.26269018890489
2021-10-08,"AK",6.71538338633468
2021-10-08,"FL",8.09803475617607
2021-10-08,"GA",8.09407314806935
2021-10-08,"OK",7.45124168498768
2021-10-08,"NYC",7.1693500166706
2021-10-08,"CO",7.98036576511125
2021-10-08,"TX",9.03978927078114
2021-10-08,"PR",4.7361984483945
2021-10-08,"MA",7.50933526601659
2021-10-08,"WV",7.29301767977278
2021-10-08,"TN",7.83161727635261
2021-10-08,"PA",8.62766064444221
2021-10-08,"IA",7.33693691370762
2021-10-08,"OH",8.80267284031282
2021-10-08,"RMI",0
2021-10-08,"SD",5.8636311755981
2021-10-08,"NM",6.88141130364254
2021-10-08,"NY",8.37516869138682
2021-10-18,"ND",6.82871207164168
2021-10-18,"WA",7.21376830811864
2021-10-18,"MD",6.57228254269401
2021-10-18,"VT",5.25227342804663
2021-10-18,"ME",6.0591231955818
2021-10-18,"NE",5.04985600724954
2021-10-18,"DE",5.75257263882563
2021-10-18,"WI",7.26052259808985
2021-10-18,"GU",5.0998664278242
2021-10-18,"MI",8.04430540699064
2021-10-18,"CT",5.95064255258773
2021-10-18,"NV",6.1527326947041
2021-10-18,"IN",7.15070145759253
2021-10-18,"ID",7.16317239084664
2021-10-18,"MO",6.89162589705225
2021-10-18,"MT",6.05678401322862
2021-10-18,"IL",7.51479976048867
2021-10-18,"MS",7.15383380157884
2021-10-18,"AL",6.94889722231331
2021-10-18,"CA",9.72704865890033
2021-10-18,"NC",7.21964204013074
2021-10-18,"NH",6.29341927884648
2021-10-18,"VI",1.38629436111989
2021-10-18,"OR",6.99301512293296
2021-10-18,"FSM",0
2021-10-18,"SC",6.87832646829133
2021-10-18,"NJ",6.64378973314767
2021-10-18,"DC",4.71849887129509
2021-10-18,"MN",6.85856503479136
2021-10-18,"KY",6.33505425149806
2021-10-18,"AZ",7.54274354536855
2021-10-18,"RI",5.12989871492307
2021-10-18,"LA",5.89164421182577
2021-10-18,"VA",7.4599147662411
2021-10-18,"WY",5.84354441703136
2021-10-18,"KS",6.23244801655052
2021-10-18,"AS",0
2021-10-18,"AR",4.96284463025991
2021-10-18,"MP",0
2021-10-18,"PW",0
2021-10-18,"UT",6.92067150424868
2021-10-18,"HI",4.70048036579242
2021-10-18,"AK",6.53958595561767
2021-10-18,"FL",7.70345904786717
2021-10-18,"GA",7.00940893270864
2021-10-18,"OK",6.85856503479136
2021-10-18,"NYC",7.47022413589997
2021-10-18,"CO",7.30249642372733
2021-10-18,"TX",7.72001794043224
2021-10-18,"PR",2.70805020110221
2021-10-18,"MA",6.90775527898214
2021-10-18,"WV",6.5366915975913
2021-10-18,"TN",6.361302477573
2021-10-18,"PA",7.97349996402463
2021-10-18,"IA",6.44888939414686
2021-10-18,"OH",7.94129557090653
2021-10-18,"RMI",0
2021-10-18,"SD",4.79579054559674
2021-10-18,"NM",6.4425401664682
2021-10-18,"NY",7.74802852443238
2021-10-30,"ND",0
2021-10-30,"WA",7.51860721681525
2021-10-30,"MD",6.77078942390898
2021-10-30,"VT",5.06890420222023
2021-10-30,"ME",5.8406416573734
2021-10-30,"NE",0
2021-10-30,"DE",5.9427993751267
2021-10-30,"WI",0
2021-10-30,"GU",0
2021-10-30,"MI",0
2021-10-30,"CT",0
2021-10-30,"NV",0
2021-10-30,"IN",0
2021-10-30,"ID",5.9427993751267
2021-10-30,"MO",6.52941883826223
2021-10-30,"MT",0
2021-10-30,"IL",0
2021-10-30,"MS",0
2021-10-30,"AL",5.87493073085203
2021-10-30,"CA",0
2021-10-30,"NC",7.50878717063428
2021-10-30,"NH",0
2021-10-30,"VI",0
2021-10-30,"OR",0
2021-10-30,"FSM",0
2021-10-30,"SC",6.7990558620588
2021-10-30,"NJ",7.11558212618445
2021-10-30,"DC",0
2021-10-30,"MN",0
2021-10-30,"KY",6.90775527898214
2021-10-30,"AZ",7.95296679092313
2021-10-30,"RI",5.48893772615669
2021-10-30,"LA",0
2021-10-30,"VA",0
2021-10-30,"WY",0
2021-10-30,"KS",0
2021-10-30,"AS",0
2021-10-30,"AR",6.14203740558736
2021-10-30,"MP",2.30258509299405
2021-10-30,"PW",0
2021-10-30,"UT",0
2021-10-30,"HI",5.01727983681492
2021-10-30,"AK",0
2021-10-30,"FL",6.87316383421252
2021-10-30,"GA",0
2021-10-30,"OK",0
2021-10-30,"NYC",0
2021-10-30,"CO",8.02355239240435
2021-10-30,"TX",8.23509549725836
2021-10-30,"PR",4.46590811865458
2021-10-30,"MA",0
2021-10-30,"WV",6.78897174299217
2021-10-30,"TN",7.02286808608264
2021-10-30,"PA",8.38183155348556
2021-10-30,"IA",0
2021-10-30,"OH",8.13798045445214
2021-10-30,"RMI",0
2021-10-30,"SD",0
2021-10-30,"NM",0
2021-10-30,"NY",8.0532511535491
2021-11-21,"ND",5.00394630594546
2021-11-21,"WA",6.78671695060508
2021-11-21,"MD",6.91473089271856
2021-11-21,"VT",6.11146733950268
2021-11-21,"ME",6.13772705408623
2021-11-21,"NE",0
2021-11-21,"DE",5.8664680569333
2021-11-21,"WI",0
2021-11-21,"GU",0
2021-11-21,"MI",0
2021-11-21,"CT",0
2021-11-21,"NV",0
2021-11-21,"IN",0
2021-11-21,"ID",0
2021-11-21,"MO",6.68710860786651
2021-11-21,"MT",0
2021-11-21,"IL",0
2021-11-21,"MS",0
2021-11-21,"AL",5.4971682252932
2021-11-21,"CA",0
2021-11-21,"NC",7.40000951716269
2021-11-21,"NH",0
2021-11-21,"VI",2.07944154167984
2021-11-21,"OR",0
2021-11-21,"FSM",0
2021-11-21,"SC",6.75809450442773
2021-11-21,"NJ",7.37963215260955
2021-11-21,"DC",0
2021-11-21,"MN",0
2021-11-21,"KY",6.98471632011827
2021-11-21,"AZ",8.1969879272589
2021-11-21,"RI",5.79909265446053
2021-11-21,"LA",0
2021-11-21,"VA",0
2021-11-21,"WY",0
2021-11-21,"KS",0
2021-11-21,"AS",0
2021-11-21,"AR",5.72031177660741
2021-11-21,"MP",2.99573227355399
2021-11-21,"PW",0
2021-11-21,"UT",0
2021-11-21,"HI",4.57471097850338
2021-11-21,"AK",0
2021-11-21,"FL",6.8501261661455
2021-11-21,"GA",0
2021-11-21,"OK",0
2021-11-21,"NYC",8.33734856449717
2021-11-21,"CO",7.76472054477148
2021-11-21,"TX",6.24997524225948
2021-11-21,"PR",4.69134788222914
2021-11-21,"MA",0
2021-11-21,"WV",6.58063913728495
2021-11-21,"TN",6.73578001424233
2021-11-21,"PA",8.59748202264504
2021-11-21,"IA",0
2021-11-21,"OH",8.24222989137223
2021-11-21,"RMI",0
2021-11-21,"SD",0
2021-11-21,"NM",0
2021-11-21,"NY",8.61122983334262
2021-11-02,"ND",6.47697236288968
2021-11-02,"WA",7.5234813125735
2021-11-02,"MD",6.18001665365257
2021-11-02,"VT",5.04985600724954
2021-11-02,"ME",6.3578422665081
2021-11-02,"NE",6.880384082186
2021-11-02,"DE",4.51085950651685
2021-11-02,"WI",8.12148037475075
2021-11-02,"GU",4.49980967033027
2021-11-02,"MI",8.53640741034004
2021-11-02,"CT",6.02344759296103
2021-11-02,"NV",6.85751406254539
2021-11-02,"IN",7.22402480828583
2021-11-02,"ID",6.82979373751242
2021-11-02,"MO",7.19893124068817
2021-11-02,"MT",7.03790596344718
2021-11-02,"IL",7.77611547709874
2021-11-02,"MS",6.12249280951439
2021-11-02,"AL",6.43294009273918
2021-11-02,"CA",8.34521792667643
2021-11-02,"NC",7.2848209125686
2021-11-02,"NH",5.94542060860658
2021-11-02,"VI",3.3322045101752
2021-11-02,"OR",6.98933526597456
2021-11-02,"FSM",0
2021-11-02,"SC",6.0591231955818
2021-11-02,"NJ",7.10332206252611
2021-11-02,"DC",4.27666611901606
2021-11-02,"MN",8.85822643936501
2021-11-02,"KY",7.10002716662926
2021-11-02,"AZ",7.76259604854007
2021-11-02,"RI",5.36129216570943
2021-11-02,"LA",5.50938833662798
2021-11-02,"VA",7.26961674960817
2021-11-02,"WY",5.90808293816893
2021-11-02,"KS",0
2021-11-02,"AS",0
2021-11-02,"AR",6.46458830368996
2021-11-02,"MP",1.94591014905531
2021-11-02,"PW",0
2021-11-02,"UT",7.13169851046691
2021-11-02,"HI",3.68887945411394
2021-11-02,"AK",6.19847871649231
2021-11-02,"FL",7.55590509361135
2021-11-02,"GA",6.97914527506881
2021-11-02,"OK",0
2021-11-02,"NYC",6.79682371827486
2021-11-02,"CO",7.79358680337158
2021-11-02,"TX",8.34806422840827
2021-11-02,"PR",4.77912349311153
2021-11-02,"MA",7.14282740116162
2021-11-02,"WV",6.44571981938558
2021-11-02,"TN",7.14519613499717
2021-11-02,"PA",8.20603776277881
2021-11-02,"IA",7.68156036255954
2021-11-02,"OH",8.27333659850449
2021-11-02,"RMI",0
2021-11-02,"SD",6.57786135772105
2021-11-02,"NM",6.51471269087253
2021-11-02,"NY",7.73892375743946
2021-11-29,"ND",6.90073066404517
2021-11-29,"WA",6.65157187358973
2021-11-29,"MD",6.63725803128446
2021-11-29,"VT",5.39816270151775
2021-11-29,"ME",6.75227037614174
2021-11-29,"NE",7.56682847920833
2021-11-29,"DE",5.57594910314632
2021-11-29,"WI",8.79194198845612
2021-11-29,"GU",3.04452243772342
2021-11-29,"MI",8.6255093348997
2021-11-29,"CT",7.74630066223144
2021-11-29,"NV",5.98645200528444
2021-11-29,"IN",7.83557924666997
2021-11-29,"ID",6.10479323241498
2021-11-29,"MO",7.77064523412918
2021-11-29,"MT",5.86929691313377
2021-11-29,"IL",8.25686684897431
2021-11-29,"MS",5.31320597904179
2021-11-29,"AL",6.39024066706535
2021-11-29,"CA",8.34212526333359
2021-11-29,"NC",7.38585107812521
2021-11-29,"NH",6.82110747225646
2021-11-29,"VI",3.09104245335832
2021-11-29,"OR",6.24997524225948
2021-11-29,"FSM",0
2021-11-29,"SC",6.13988455222626
2021-11-29,"NJ",7.71512360363211
2021-11-29,"DC",5.85220247977447
2021-11-29,"MN",8.4142741374084
2021-11-29,"KY",6.82437367004309
2021-11-29,"AZ",7.58171964012531
2021-11-29,"RI",6.17586727010576
2021-11-29,"LA",5.54126354515843
2021-11-29,"VA",8.34995727204032
2021-11-29,"WY",6.3297209055227
2021-11-29,"KS",6.71901315438526
2021-11-29,"AS",0
2021-11-29,"AR",5.33753807970132
2021-11-29,"MP",4.56434819146784
2021-11-29,"PW",0
2021-11-29,"UT",7.81480342948936
2021-11-29,"HI",4.26267987704132
2021-11-29,"AK",6.56103066589657
2021-11-29,"FL",7.47022413589997
2021-11-29,"GA",6.55819780281227
2021-11-29,"OK",6.63200177739563
2021-11-29,"NYC",7.42117752859539
2021-11-29,"CO",7.2991214627108
2021-11-29,"TX",7.99023818572036
2021-11-29,"PR",4.15888308335967
2021-11-29,"MA",8.66406026722579
2021-11-29,"WV",6.4393503711001
2021-11-29,"TN",6.55819780281227
2021-11-29,"PA",8.56655462095396
2021-11-29,"IA",7.86365126544865
2021-11-29,"OH",8.65381978894806
2021-11-29,"RMI",0
2021-11-29,"SD",6.35610766069589
2021-11-29,"NM",6.92067150424868
2021-11-29,"NY",8.29279885820037
2021-11-07,"ND",5.28320372873799
2021-11-07,"WA",7.46221493976819
2021-11-07,"MD",6.59030104819669
2021-11-07,"VT",5.88332238848828
2021-11-07,"ME",5.63478960316925
2021-11-07,"NE",0
2021-11-07,"DE",5.70044357339069
2021-11-07,"WI",0
2021-11-07,"GU",3.91202300542815
2021-11-07,"MI",0
2021-11-07,"CT",0
2021-11-07,"NV",0
2021-11-07,"IN",0
2021-11-07,"ID",0
2021-11-07,"MO",6.50279004591562
2021-11-07,"MT",0
2021-11-07,"IL",0
2021-11-07,"MS",0
2021-11-07,"AL",5.38449506278909
2021-11-07,"CA",0
2021-11-07,"NC",7.21450441415114
2021-11-07,"NH",0
2021-11-07,"VI",0
2021-11-07,"OR",0
2021-11-07,"FSM",0
2021-11-07,"SC",6.48768401848461
2021-11-07,"NJ",6.83195356556585
2021-11-07,"DC",0
2021-11-07,"MN",0
2021-11-07,"KY",6.43133108193348
2021-11-07,"AZ",8.08085641964099
2021-11-07,"RI",5.18178355029209
2021-11-07,"LA",0
2021-11-07,"VA",0
2021-11-07,"WY",0
2021-11-07,"KS",0
2021-11-07,"AS",0
2021-11-07,"AR",5.58724865840025
2021-11-07,"MP",2.07944154167984
2021-11-07,"PW",0
2021-11-07,"UT",0
2021-11-07,"HI",4.82028156560504
2021-11-07,"AK",0
2021-11-07,"FL",5.66296048013595
2021-11-07,"GA",0
2021-11-07,"OK",0
2021-11-07,"NYC",7.34987370473834
2021-11-07,"CO",8.0013550258267
2021-11-07,"TX",7.03966034986208
2021-11-07,"PR",4.21950770517611
2021-11-07,"MA",0
2021-11-07,"WV",6.94601399109923
2021-11-07,"TN",6.49072353450251
2021-11-07,"PA",8.20876404581967
2021-11-07,"IA",0
2021-11-07,"OH",8.38114434695296
2021-11-07,"RMI",0
2021-11-07,"SD",0
2021-11-07,"NM",0
2021-11-07,"NY",8.22040309993373
2021-11-04,"ND",6.35437004079735
2021-11-04,"WA",7.76556908109732
2021-11-04,"MD",6.68586094706836
2021-11-04,"VT",6.14846829591765
2021-11-04,"ME",6.65157187358973
2021-11-04,"NE",6.93342302573071
2021-11-04,"DE",5.63478960316925
2021-11-04,"WI",8.11342663994365
2021-11-04,"GU",4.38202663467388
2021-11-04,"MI",8.59433940059289
2021-11-04,"CT",6.06842558824411
2021-11-04,"NV",6.93049476595163
2021-11-04,"IN",7.61332497954064
2021-11-04,"ID",6.49677499018586
2021-11-04,"MO",7.10085190894405
2021-11-04,"MT",6.67329796776765
2021-11-04,"IL",8.35890061242164
2021-11-04,"MS",5.94542060860658
2021-11-04,"AL",6.63068338564237
2021-11-04,"CA",9.18111751329928
2021-11-04,"NC",7.60240133566582
2021-11-04,"NH",6.59850902861452
2021-11-04,"VI",2.30258509299405
2021-11-04,"OR",7.07918439460967
2021-11-04,"FSM",0
2021-11-04,"SC",6.67582322163485
2021-11-04,"NJ",7.31654817718298
2021-11-04,"DC",4.67282883446191
2021-11-04,"MN",8.21581779183245
2021-11-04,"KY",7.15383380157884
2021-11-04,"AZ",8.17554759602103
2021-11-04,"RI",5.6970934865054
2021-11-04,"LA",6.43133108193348
2021-11-04,"VA",7.22256601882217
2021-11-04,"WY",6.28785856016178
2021-11-04,"KS",0
2021-11-04,"AS",0
2021-11-04,"AR",6.06145691892802
2021-11-04,"MP",0.693147180559945
2021-11-04,"PW",0
2021-11-04,"UT",7.72665366484764
2021-11-04,"HI",4.70953020131233
2021-11-04,"AK",6.46458830368996
2021-11-04,"FL",7.45645455517621
2021-11-04,"GA",7.16317239084664
2021-11-04,"OK",6.3578422665081
2021-11-04,"NYC",6.84374994900622
2021-11-04,"CO",8.35725915349991
2021-11-04,"TX",8.0481491016652
2021-11-04,"PR",4.82028156560504
2021-11-04,"MA",7.47022413589997
2021-11-04,"WV",6.7900972355139
2021-11-04,"TN",7.14598446771439
2021-11-04,"PA",8.54927308487965
2021-11-04,"IA",0
2021-11-04,"OH",8.40916244720253
2021-11-04,"RMI",0
2021-11-04,"SD",6.0913098820777
2021-11-04,"NM",7.38585107812521
2021-11-04,"NY",8.20467182895081
2021-10-16,"ND",4.69134788222914
2021-10-16,"WA",7.8164169836918
2021-10-16,"MD",6.84268328223842
2021-10-16,"VT",5.78074351579233
2021-10-16,"ME",5.8805329864007
2021-10-16,"NE",5.03043792139244
2021-10-16,"DE",6.22653666928747
2021-10-16,"WI",7.84227877911735
2021-10-16,"GU",4.00733318523247
2021-10-16,"MI",8.04366335239394
2021-10-16,"CT",5.94803498918065
2021-10-16,"NV",6.14418563412565
2021-10-16,"IN",7.15070145759253
2021-10-16,"ID",6.6631326959908
2021-10-16,"MO",6.57646956904822
2021-10-16,"MT",6.04973345523196
2021-10-16,"IL",7.5137092478397
2021-10-16,"MS",5.54907608489522
2021-10-16,"AL",6.25958146406492
2021-10-16,"CA",0
2021-10-16,"NC",7.85670679309584
2021-10-16,"NH",6.289715570909
2021-10-16,"VI",3.40119738166216
2021-10-16,"OR",6.99117688712121
2021-10-16,"FSM",0
2021-10-16,"SC",7.17242457712485
2021-10-16,"NJ",7.28138566357028
2021-10-16,"DC",4.70048036579242
2021-10-16,"MN",6.85751406254539
2021-10-16,"KY",7.26052259808985
2021-10-16,"AZ",7.81722278550817
2021-10-16,"RI",5.62040086571715
2021-10-16,"LA",5.88332238848828
2021-10-16,"VA",7.45818615734049
2021-10-16,"WY",5.83773044716594
2021-10-16,"KS",6.22851100359118
2021-10-16,"AS",0
2021-10-16,"AR",6.33327962813969
2021-10-16,"MP",0
2021-10-16,"PW",0
2021-10-16,"UT",6.92067150424868
2021-10-16,"HI",4.91265488573605
2021-10-16,"AK",6.53958595561767
2021-10-16,"FL",7.32909373624659
2021-10-16,"GA",7.00850518208228
2021-10-16,"OK",6.85435450225502
2021-10-16,"NYC",6.72383244082121
2021-10-16,"CO",7.7066129139642
2021-10-16,"TX",8.53030683056162
2021-10-16,"PR",4.93447393313069
2021-10-16,"MA",6.90475076996184
2021-10-16,"WV",7.06731984865348
2021-10-16,"TN",7.48436864328613
2021-10-16,"PA",8.40871671508015
2021-10-16,"IA",6.4425401664682
2021-10-16,"OH",8.21878715560148
2021-10-16,"RMI",0
2021-10-16,"SD",4.77068462446567
2021-10-16,"NM",6.4393503711001
2021-10-16,"NY",8.2987883944492
2021-11-10,"ND",6.4377516497364
2021-11-10,"WA",7.59739632021279
2021-11-10,"MD",6.73933662735717
2021-11-10,"VT",5.25227342804663
2021-11-10,"ME",6.82001636467413
2021-11-10,"NE",7.13727843726039
2021-11-10,"DE",5.5834963087817
2021-11-10,"WI",8.31360713931756
2021-11-10,"GU",3.3322045101752
2021-11-10,"MI",8.31115254800169
2021-11-10,"CT",6.2803958389602
2021-11-10,"NV",6.48920493132532
2021-11-10,"IN",7.94093976232779
2021-11-10,"ID",6.58617165485467
2021-11-10,"MO",0
2021-11-10,"MT",6.61472560020376
2021-11-10,"IL",8.52615293278771
2021-11-10,"MS",5.7037824746562
2021-11-10,"AL",7.10987946307227
2021-11-10,"CA",8.22067217029725
2021-11-10,"NC",7.6425241342329
2021-11-10,"NH",6.63725803128446
2021-11-10,"VI",3.17805383034795
2021-11-10,"OR",6.92362862813843
2021-11-10,"FSM",0
2021-11-10,"SC",6.24997524225948
2021-11-10,"NJ",7.19967834569117
2021-11-10,"DC",4.18965474202643
2021-11-10,"MN",8.56902634005625
2021-11-10,"KY",7.44716835960004
2021-11-10,"AZ",8.24143968982973
2021-11-10,"RI",5.47646355193151
2021-11-10,"LA",6.20657592672493
2021-11-10,"VA",7.37086016653672
2021-11-10,"WY",6.02102334934953
2021-11-10,"KS",7.95787735848981
2021-11-10,"AS",0
2021-11-10,"AR",6.51619307604296
2021-11-10,"MP",2.30258509299405
2021-11-10,"PW",0
2021-11-10,"UT",7.33432935030054
2021-11-10,"HI",4.85981240436167
2021-11-10,"AK",6.10702288774225
2021-11-10,"FL",7.86748856869913
2021-11-10,"GA",6.95939851213398
2021-11-10,"OK",6.90775527898214
2021-11-10,"NYC",7.21450441415114
2021-11-10,"CO",8.39750834847026
2021-11-10,"TX",8.20821938349683
2021-11-10,"PR",4.89034912822175
2021-11-10,"MA",7.57507169950756
2021-11-10,"WV",6.75460409948796
2021-11-10,"TN",7.57198844937744
2021-11-10,"PA",8.56978564153541
2021-11-10,"IA",7.08673793451058
2021-11-10,"OH",8.61758136544751
2021-11-10,"RMI",0
2021-11-10,"SD",6.32076829425058
2021-11-10,"NM",7.19818357710194
2021-11-10,"NY",8.33447155460094
2021-10-28,"ND",6.25190388316589
2021-10-28,"WA",8.11790894238315
2021-10-28,"MD",6.8351845861473
2021-10-28,"VT",5.70044357339069
2021-10-28,"ME",6.20253551718792
2021-10-28,"NE",0
2021-10-28,"DE",5.77144112313002
2021-10-28,"WI",7.85010354517558
2021-10-28,"GU",4.71849887129509
2021-10-28,"MI",8.5197898172635
2021-10-28,"CT",6.09582456243222
2021-10-28,"NV",6.53233429222235
2021-10-28,"IN",7.63578686139558
2021-10-28,"ID",6.77308037565554
2021-10-28,"MO",6.99668148817654
2021-10-28,"MT",6.89162589705225
2021-10-28,"IL",7.86403565907245
2021-10-28,"MS",5.8406416573734
2021-10-28,"AL",6.43454651878745
2021-10-28,"CA",9.07920610395138
2021-10-28,"NC",7.69848278788095
2021-10-28,"NH",0
2021-10-28,"VI",2.70805020110221
2021-10-28,"OR",7.01481435127554
2021-10-28,"FSM",0
2021-10-28,"SC",6.64768837356333
2021-10-28,"NJ",7.58375630070711
2021-10-28,"DC",4.77912349311153
2021-10-28,"MN",7.89580837708318
2021-10-28,"KY",7.23345541862144
2021-10-28,"AZ",7.9359451033537
2021-10-28,"RI",5.37063802812766
2021-10-28,"LA",6.19847871649231
2021-10-28,"VA",7.40671073017764
2021-10-28,"WY",6.19847871649231
2021-10-28,"KS",0
2021-10-28,"AS",0
2021-10-28,"AR",6.24997524225948
2021-10-28,"MP",0
2021-10-28,"PW",0
2021-10-28,"UT",7.52833176670725
2021-10-28,"HI",4.77068462446567
2021-10-28,"AK",6.67582322163485
2021-10-28,"FL",7.65207074611648
2021-10-28,"GA",7.32843735289516
2021-10-28,"OK",7.38832785957711
2021-10-28,"NYC",0
2021-10-28,"CO",8.1969879272589
2021-10-28,"TX",8.33014046024638
2021-10-28,"PR",5.02388052084628
2021-10-28,"MA",7.36833968631138
2021-10-28,"WV",6.85856503479136
2021-10-28,"TN",7.25981961036319
2021-10-28,"PA",8.36938899664784
2021-10-28,"IA",0
2021-10-28,"OH",8.34069464792507
2021-10-28,"RMI",0
2021-10-28,"SD",5.74620319054015
2021-10-28,"NM",7.1708884785125
2021-10-28,"NY",8.07090608878782
2021-11-05,"ND",6.40357419793482
2021-11-05,"WA",7.51316354523408
2021-11-05,"MD",6.76734312526539
2021-11-05,"VT",5.81413053182507
2021-11-05,"ME",6.62671774924902
2021-11-05,"NE",0
2021-11-05,"DE",5.59842195899838
2021-11-05,"WI",8.09620827165004
2021-11-05,"GU",3.66356164612965
2021-11-05,"MI",8.81877816903701
2021-11-05,"CT",5.77144112313002
2021-11-05,"NV",6.73933662735717
2021-11-05,"IN",7.74543561027438
2021-11-05,"ID",6.68959926917897
2021-11-05,"MO",7.29979736675816
2021-11-05,"MT",6.52649485957079
2021-11-05,"IL",7.98718474823347
2021-11-05,"MS",6.24416690066374
2021-11-05,"AL",6.4118182677099
2021-11-05,"CA",8.98882050177807
2021-11-05,"NC",7.50604217851812
2021-11-05,"NH",6.70196036600254
2021-11-05,"VI",2.77258872223978
2021-11-05,"OR",7.03614849375054
2021-11-05,"FSM",0
2021-11-05,"SC",6.76272950693188
2021-11-05,"NJ",7.23417717974985
2021-11-05,"DC",4.52178857704904
2021-11-05,"MN",8.11820704940578
2021-11-05,"KY",7.14440718032114
2021-11-05,"AZ",8.24643378616036
2021-11-05,"RI",5.6937321388027
2021-11-05,"LA",6.289715570909
2021-11-05,"VA",7.23489842031483
2021-11-05,"WY",5.93753620508243
2021-11-05,"KS",7.65349490966125
2021-11-05,"AS",0
2021-11-05,"AR",6.32435896238131
2021-11-05,"MP",2.30258509299405
2021-11-05,"PW",0
2021-11-05,"UT",7.53636393840451
2021-11-05,"HI",4.71849887129509
2021-11-05,"AK",6.75343791859778
2021-11-05,"FL",7.44949800538285
2021-11-05,"GA",7.03966034986208
2021-11-05,"OK",6.361302477573
2021-11-05,"NYC",7.20191631753163
2021-11-05,"CO",8.20220843643645
2021-11-05,"TX",8.11282747875137
2021-11-05,"PR",4.97673374242057
2021-11-05,"MA",7.47760424319759
2021-11-05,"WV",6.77078942390898
2021-11-05,"TN",6.8596149036542
2021-11-05,"PA",8.54305585094196
2021-11-05,"IA",7.98786409608569
2021-11-05,"OH",8.37770121259764
2021-11-05,"RMI",0
2021-11-05,"SD",6.06842558824411
2021-11-05,"NM",7.2868764117507
2021-11-05,"NY",8.26436332973167
2021-11-13,"ND",0
2021-11-13,"WA",7.43366654016617
2021-11-13,"MD",6.89162589705225
2021-11-13,"VT",6.05678401322862
2021-11-13,"ME",5.92157841964382
2021-11-13,"NE",0
2021-11-13,"DE",5.67675380226828
2021-11-13,"WI",0
2021-11-13,"GU",3.13549421592915
2021-11-13,"MI",0
2021-11-13,"CT",0
2021-11-13,"NV",0
2021-11-13,"IN",0
2021-11-13,"ID",5.61312810638807
2021-11-13,"MO",6.87212810133899
2021-11-13,"MT",0
2021-11-13,"IL",0
2021-11-13,"MS",0
2021-11-13,"AL",5.50533153593236
2021-11-13,"CA",9.39241189751493
2021-11-13,"NC",7.37588214821501
2021-11-13,"NH",0
2021-11-13,"VI",2.63905732961526
2021-11-13,"OR",0
2021-11-13,"FSM",0
2021-11-13,"SC",6.45204895443723
2021-11-13,"NJ",7.40184157874383
2021-11-13,"DC",0
2021-11-13,"MN",0
2021-11-13,"KY",7.36707705988101
2021-11-13,"AZ",8.29054350077274
2021-11-13,"RI",6.10702288774225
2021-11-13,"LA",0
2021-11-13,"VA",0
2021-11-13,"WY",0
2021-11-13,"KS",0
2021-11-13,"AS",0
2021-11-13,"AR",6.3818160174061
2021-11-13,"MP",1.38629436111989
2021-11-13,"PW",0
2021-11-13,"UT",0
2021-11-13,"HI",4.36944785246702
2021-11-13,"AK",0
2021-11-13,"FL",7.0833878476253
2021-11-13,"GA",0
2021-11-13,"OK",0
2021-11-13,"NYC",0
2021-11-13,"CO",8.09529377684465
2021-11-13,"TX",8.25582842728183
2021-11-13,"PR",0
2021-11-13,"MA",0
2021-11-13,"WV",6.29341927884648
2021-11-13,"TN",7.08086789669078
2021-11-13,"PA",8.68929604801586
2021-11-13,"IA",0
2021-11-13,"OH",8.45318786144033
2021-11-13,"RMI",0
2021-11-13,"SD",0
2021-11-13,"NM",0
2021-11-13,"NY",8.536211197252
2021-10-13,"ND",6.43615036836943
2021-10-13,"WA",7.89058253465654
2021-10-13,"MD",7.01571242048723
2021-10-13,"VT",5.71042701737487
2021-10-13,"ME",6.3919171133926
2021-10-13,"NE",6.60665018619822
2021-10-13,"DE",5.77144112313002
2021-10-13,"WI",7.97418866928601
2021-10-13,"GU",4.56434819146784
2021-10-13,"MI",8.70682132339263
2021-10-13,"CT",5.48479693349065
2021-10-13,"NV",6.59167373200866
2021-10-13,"IN",7.8995244720322
2021-10-13,"ID",7.61332497954064
2021-10-13,"MO",7.28619171470238
2021-10-13,"MT",7.20414929203594
2021-10-13,"IL",7.97728198675515
2021-10-13,"MS",6.2709884318583
2021-10-13,"AL",7.04228617193974
2021-10-13,"CA",8.30276158070405
2021-10-13,"NC",8.03947991910045
2021-10-13,"NH",6.30078579466324
2021-10-13,"VI",2.63905732961526
2021-10-13,"OR",7.03614849375054
2021-10-13,"FSM",0
2021-10-13,"SC",6.86380339145295
2021-10-13,"NJ",7.46565531013406
2021-10-13,"DC",3.89182029811063
2021-10-13,"MN",7.77359446736019
2021-10-13,"KY",7.6685611080159
2021-10-13,"AZ",7.74932246466036
2021-10-13,"RI",5.64897423816121
2021-10-13,"LA",6.31354804627709
2021-10-13,"VA",7.86441990499457
2021-10-13,"WY",6.08677472691231
2021-10-13,"KS",6.96790920180188
2021-10-13,"AS",0
2021-10-13,"AR",6.54391184556479
2021-10-13,"MP",0
2021-10-13,"PW",0
2021-10-13,"UT",7.5207764150628
2021-10-13,"HI",4.7361984483945
2021-10-13,"AK",7.09506437728713
2021-10-13,"FL",8.15937473677543
2021-10-13,"GA",7.60688453121963
2021-10-13,"OK",7.07580886397839
2021-10-13,"NYC",7.12608727329912
2021-10-13,"CO",7.62413058566129
2021-10-13,"TX",9.08817273800197
2021-10-13,"PR",4.45434729625351
2021-10-13,"MA",7.47533923656674
2021-10-13,"WV",7.03085747611612
2021-10-13,"TN",7.71868549519847
2021-10-13,"PA",8.5197898172635
2021-10-13,"IA",5.87773578177964
2021-10-13,"OH",8.63923381732526
2021-10-13,"RMI",0
2021-10-13,"SD",6.99301512293296
2021-10-13,"NM",6.56385552653213
2021-10-13,"NY",8.16621626859214
2021-10-11,"ND",6.85856503479136
2021-10-11,"WA",7.38585107812521
2021-10-11,"MD",6.69703424766648
2021-10-11,"VT",5.33271879326537
2021-10-11,"ME",5.52942908751142
2021-10-11,"NE",5.85793315448346
2021-10-11,"DE",5.90536184805457
2021-10-11,"WI",7.56008046502183
2021-10-11,"GU",5.2257466737132
2021-10-11,"MI",8.09468364869882
2021-10-11,"CT",5.90808293816893
2021-10-11,"NV",6.42648845745769
2021-10-11,"IN",7.36201055125973
2021-10-11,"ID",6.87832646829133
2021-10-11,"MO",6.89669433162271
2021-10-11,"MT",6.31896811374643
2021-10-11,"IL",7.58375630070711
2021-10-11,"MS",6.71052310945243
2021-10-11,"AL",6.8001700683022
2021-10-11,"CA",9.73636982948445
2021-10-11,"NC",7.35436233042148
2021-10-11,"NH",5.36597601502185
2021-10-11,"VI",1.79175946922805
2021-10-11,"OR",6.86797440897029
2021-10-11,"FSM",0
2021-10-11,"SC",7.15539630189673
2021-10-11,"NJ",6.86171134048073
2021-10-11,"DC",4.70048036579242
2021-10-11,"MN",6.97354301952014
2021-10-11,"KY",6.73101810048208
2021-10-11,"AZ",7.47363710849621
2021-10-11,"RI",5.29831736654804
2021-10-11,"LA",6.19644412779452
2021-10-11,"VA",7.40549566319947
2021-10-11,"WY",5.63835466933375
2021-10-11,"KS",6.34212141872115
2021-10-11,"AS",0
2021-10-11,"AR",5.38449506278909
2021-10-11,"MP",0
2021-10-11,"PW",0
2021-10-11,"UT",6.99576615630485
2021-10-11,"HI",4.68213122712422
2021-10-11,"AK",6.81783057145415
2021-10-11,"FL",7.91352101728389
2021-10-11,"GA",7.46908388492123
2021-10-11,"OK",6.71538338633468
2021-10-11,"NYC",6.85224256905188
2021-10-11,"CO",7.39756153552405
2021-10-11,"TX",7.85825418218603
2021-10-11,"PR",2.83321334405622
2021-10-11,"MA",7.05272104923232
2021-10-11,"WV",6.63068338564237
2021-10-11,"TN",6.68461172766793
2021-10-11,"PA",7.96311205897929
2021-10-11,"IA",6.79234442747081
2021-10-11,"OH",7.98514393119862
2021-10-11,"RMI",0
2021-10-11,"SD",4.68213122712422
2021-10-11,"NM",6.4085287910595
2021-10-11,"NY",8.23853693017177
2021-11-23,"ND",6.1527326947041
2021-11-23,"WA",6.95939851213398
2021-11-23,"MD",6.60800062529609
2021-11-23,"VT",5.23110861685459
2021-11-23,"ME",6.97447891102505
2021-11-23,"NE",6.83195356556585
2021-11-23,"DE",5.52942908751142
2021-11-23,"WI",8.53208180390999
2021-11-23,"GU",3.04452243772342
2021-11-23,"MI",8.90395107205871
2021-11-23,"CT",6.62671774924902
2021-11-23,"NV",6.49526555593701
2021-11-23,"IN",8.05006542291597
2021-11-23,"ID",6.45519856334012
2021-11-23,"MO",7.69484807238461
2021-11-23,"MT",6.52649485957079
2021-11-23,"IL",8.43163530305459
2021-11-23,"MS",5.5834963087817
2021-11-23,"AL",6.21860011969173
2021-11-23,"CA",8.33423142973486
2021-11-23,"NC",7.4667994750186
2021-11-23,"NH",6.4707995037826
2021-11-23,"VI",2.70805020110221
2021-11-23,"OR",6.73933662735717
2021-11-23,"FSM",0
2021-11-23,"SC",6.07073772800249
2021-11-23,"NJ",7.87891291229713
2021-11-23,"DC",4.46590811865458
2021-11-23,"MN",9.34591966621801
2021-11-23,"KY",7.61677580869837
2021-11-23,"AZ",8.02551638648901
2021-11-23,"RI",6.26909628370626
2021-11-23,"LA",6.51323011091231
2021-11-23,"VA",7.33693691370762
2021-11-23,"WY",5.52146091786225
2021-11-23,"KS",0.693147180559945
2021-11-23,"AS",0
2021-11-23,"AR",6.53813982376767
2021-11-23,"MP",2.39789527279837
2021-11-23,"PW",0
2021-11-23,"UT",7.05098944706805
2021-11-23,"HI",3.95124371858143
2021-11-23,"AK",4.97673374242057
2021-11-23,"FL",7.39817409297047
2021-11-23,"GA",7.22402480828583
2021-11-23,"OK",7.8770178956224
2021-11-23,"NYC",7.40367029001237
2021-11-23,"CO",7.87511928104029
2021-11-23,"TX",8.17244681834278
2021-11-23,"PR",4.57471097850338
2021-11-23,"MA",8.04302088529828
2021-11-23,"WV",6.22059017009974
2021-11-23,"TN",7.30988148582479
2021-11-23,"PA",8.5539107743514
2021-11-23,"IA",7.57712193087668
2021-11-23,"OH",8.72323127482751
2021-11-23,"RMI",0
2021-11-23,"SD",6.83733281468559
2021-11-23,"NM",7.0604763659998
2021-11-23,"NY",8.32627478739676
2021-10-12,"ND",6.49526555593701
2021-10-12,"WA",7.4899708988348
2021-10-12,"MD",6.02102334934953
2021-10-12,"VT",4.72738781871234
2021-10-12,"ME",6.17170059741091
2021-10-12,"NE",6.73221070646721
2021-10-12,"DE",5.14166355650266
2021-10-12,"WI",8.09955428237636
2021-10-12,"GU",4.90527477843843
2021-10-12,"MI",8.48342956126343
2021-10-12,"CT",5.92157841964382
2021-10-12,"NV",6.880384082186
2021-10-12,"IN",7.3790081276283
2021-10-12,"ID",6.87935580446044
2021-10-12,"MO",7.19368581839511
2021-10-12,"MT",6.31896811374643
2021-10-12,"IL",7.5847730776122
2021-10-12,"MS",6.5792512120101
2021-10-12,"AL",7.0184017990692
2021-10-12,"CA",8.31678912707152
2021-10-12,"NC",7.79110951061003
2021-10-12,"NH",7.23345541862144
2021-10-12,"VI",1.79175946922805
2021-10-12,"OR",7.20934025660291
2021-10-12,"FSM",0
2021-10-12,"SC",6.89770494312864
2021-10-12,"NJ",7.40427911803727
2021-10-12,"DC",4.70048036579242
2021-10-12,"MN",8.97790377375038
2021-10-12,"KY",7.60339933974067
2021-10-12,"AZ",7.61579107203583
2021-10-12,"RI",5.37527840768417
2021-10-12,"LA",7.02997291170639
2021-10-12,"VA",7.76684053708551
2021-10-12,"WY",6.18208490671663
2021-10-12,"KS",6.96696713861398
2021-10-12,"AS",0
2021-10-12,"AR",6.59850902861452
2021-10-12,"MP",1.6094379124341
2021-10-12,"PW",0
2021-10-12,"UT",6.99759598298193
2021-10-12,"HI",3.91202300542815
2021-10-12,"AK",6.09807428216624
2021-10-12,"FL",7.87929148508227
2021-10-12,"GA",7.47250074473756
2021-10-12,"OK",7.10249935577465
2021-10-12,"NYC",7.07157336421153
2021-10-12,"CO",7.38647084882989
2021-10-12,"TX",9.12891337328045
2021-10-12,"PR",5.12989871492307
2021-10-12,"MA",7.05703698169789
2021-10-12,"WV",6.62539236800796
2021-10-12,"TN",7.86633892304654
2021-10-12,"PA",8.2684753889826
2021-10-12,"IA",7.63094658089046
2021-10-12,"OH",8.40223117294656
2021-10-12,"RMI",0
2021-10-12,"SD",4.69134788222914
2021-10-12,"NM",6.41345895716736
2021-10-12,"NY",7.76174498465891
2021-11-27,"ND",0
2021-11-27,"WA",6.3261494731551
2021-11-27,"MD",6.53958595561767
2021-11-27,"VT",4.54329478227
2021-11-27,"ME",6.09807428216624
2021-11-27,"NE",0
2021-11-27,"DE",5.50533153593236
2021-11-27,"WI",0
2021-11-27,"GU",1.79175946922805
2021-11-27,"MI",8.62407255304333
2021-11-27,"CT",0
2021-11-27,"NV",5.97635090929793
2021-11-27,"IN",7.83557924666997
2021-11-27,"ID",5.47646355193151
2021-11-27,"MO",7.20711885620776
2021-11-27,"MT",0
2021-11-27,"IL",8.25660734462616
2021-11-27,"MS",5.28826703069454
2021-11-27,"AL",4.98360662170834
2021-11-27,"CA",8.34188696951619
2021-11-27,"NC",6.9782137426307
2021-11-27,"NH",6.82001636467413
2021-11-27,"VI",0
2021-11-27,"OR",6.24804287450843
2021-11-27,"FSM",0
2021-11-27,"SC",6.37161184723186
2021-11-27,"NJ",7.5963923040642
2021-11-27,"DC",0
2021-11-27,"MN",0
2021-11-27,"KY",6.78332520060396
2021-11-27,"AZ",8.20412493257404
2021-11-27,"RI",6.19847871649231
2021-11-27,"LA",5.52545293913178
2021-11-27,"VA",0
2021-11-27,"WY",0
2021-11-27,"KS",6.71659477352098
2021-11-27,"AS",0
2021-11-27,"AR",6.23048144757848
2021-11-27,"MP",3.78418963391826
2021-11-27,"PW",0
2021-11-27,"UT",0
2021-11-27,"HI",4.89034912822175
2021-11-27,"AK",0
2021-11-27,"FL",7.0057890192535
2021-11-27,"GA",6.55250788703459
2021-11-27,"OK",6.62273632394984
2021-11-27,"NYC",0
2021-11-27,"CO",7.3790081276283
2021-11-27,"TX",6.23441072571837
2021-11-27,"PR",4.33073334028633
2021-11-27,"MA",0
2021-11-27,"WV",6.43133108193348
2021-11-27,"TN",6.25575004175337
2021-11-27,"PA",8.54558626591746
2021-11-27,"IA",0
2021-11-27,"OH",8.34830105493394
2021-11-27,"RMI",0
2021-11-27,"SD",0
2021-11-27,"NM",6.9177056098353
2021-11-27,"NY",8.08579470128157
2021-10-10,"ND",4.92725368515721
2021-10-10,"WA",7.62559507213245
2021-10-10,"MD",7.19593722647557
2021-10-10,"VT",5.34710753071747
2021-10-10,"ME",5.51745289646471
2021-10-10,"NE",5.84932477994686
2021-10-10,"DE",5.77144112313002
2021-10-10,"WI",7.55903825544338
2021-10-10,"GU",4.67282883446191
2021-10-10,"MI",8.09346227450118
2021-10-10,"CT",5.90808293816893
2021-10-10,"NV",6.42486902390539
2021-10-10,"IN",7.36137542897735
2021-10-10,"ID",5.33271879326537
2021-10-10,"MO",6.59441345974978
2021-10-10,"MT",6.31896811374643
2021-10-10,"IL",7.58375630070711
2021-10-10,"MS",5.85793315448346
2021-10-10,"AL",6.13339804299665
2021-10-10,"CA",0
2021-10-10,"NC",7.85476918349913
2021-10-10,"NH",5.36129216570943
2021-10-10,"VI",1.79175946922805
2021-10-10,"OR",6.86797440897029
2021-10-10,"FSM",0
2021-10-10,"SC",7.29301767977278
2021-10-10,"NJ",7.26822302115957
2021-10-10,"DC",4.70048036579242
2021-10-10,"MN",6.97166860472579
2021-10-10,"KY",7.35755620091035
2021-10-10,"AZ",7.68845535654994
2021-10-10,"RI",5.47646355193151
2021-10-10,"LA",6.19031540585315
2021-10-10,"VA",7.40427911803727
2021-10-10,"WY",5.62762111369064
2021-10-10,"KS",6.34035930372775
2021-10-10,"AS",0
2021-10-10,"AR",6.14846829591765
2021-10-10,"MP",0
2021-10-10,"PW",0
2021-10-10,"UT",6.99576615630485
2021-10-10,"HI",5.30330490805908
2021-10-10,"AK",6.81563999007433
2021-10-10,"FL",7.55381085200823
2021-10-10,"GA",7.46908388492123
2021-10-10,"OK",6.71052310945243
2021-10-10,"NYC",7.1693500166706
2021-10-10,"CO",7.51261754467451
2021-10-10,"TX",7.39572160860205
2021-10-10,"PR",5.17048399503815
2021-10-10,"MA",7.05272104923232
2021-10-10,"WV",6.97728134163075
2021-10-10,"TN",7.23849684089437
2021-10-10,"PA",8.27078101316267
2021-10-10,"IA",6.78784498230958
2021-10-10,"OH",8.59415423255237
2021-10-10,"RMI",0
2021-10-10,"SD",4.68213122712422
2021-10-10,"NM",6.4085287910595
2021-10-10,"NY",7.63916117165917
2021-11-18,"ND",6.15485809401642
2021-11-18,"WA",7.61381868480863
2021-11-18,"MD",6.98471632011827
2021-11-18,"VT",6.18620862390049
2021-11-18,"ME",6.99393297522319
2021-11-18,"NE",6.99301512293296
2021-11-18,"DE",6.01126717440416
2021-11-18,"WI",8.37539918579835
2021-11-18,"GU",3.09104245335832
2021-11-18,"MI",9.28033274379622
2021-11-18,"CT",6.61740297797448
2021-11-18,"NV",6.56807791141198
2021-11-18,"IN",8.27563105457801
2021-11-18,"ID",6.31716468674728
2021-11-18,"MO",7.48605261786314
2021-11-18,"MT",6.59167373200866
2021-11-18,"IL",8.63852547658376
2021-11-18,"MS",5.9427993751267
2021-11-18,"AL",6.64378973314767
2021-11-18,"CA",8.96187901267768
2021-11-18,"NC",7.75833346749091
2021-11-18,"NH",7.01211529430638
2021-11-18,"VI",3.43398720448515
2021-11-18,"OR",7.04664727784876
2021-11-18,"FSM",0
2021-11-18,"SC",6.71174039505618
2021-11-18,"NJ",7.81359155295243
2021-11-18,"DC",4.57471097850338
2021-11-18,"MN",8.48073665440562
2021-11-18,"KY",7.37023064180708
2021-11-18,"AZ",8.33926198292358
2021-11-18,"RI",6.21460809842219
2021-11-18,"LA",6.12905021006055
2021-11-18,"VA",7.47477218239787
2021-11-18,"WY",6.05443934626937
2021-11-18,"KS",0
2021-11-18,"AS",0
2021-11-18,"AR",6.81124437860129
2021-11-18,"MP",2.30258509299405
2021-11-18,"PW",0
2021-11-18,"UT",7.4899708988348
2021-11-18,"HI",5.37989735354046
2021-11-18,"AK",6.24997524225948
2021-11-18,"FL",7.46965417293213
2021-11-18,"GA",7.15929190479756
2021-11-18,"OK",6.87832646829133
2021-11-18,"NYC",7.40549566319947
2021-11-18,"CO",8.30647216010058
2021-11-18,"TX",8.46484671104403
2021-11-18,"PR",5.25749537202778
2021-11-18,"MA",8.18618599422608
2021-11-18,"WV",7.01660968389422
2021-11-18,"TN",7.49942329059223
2021-11-18,"PA",8.80056599227992
2021-11-18,"IA",0
2021-11-18,"OH",8.79724623670353
2021-11-18,"RMI",0
2021-11-18,"SD",6.18826412308259
2021-11-18,"NM",7.48941208350872
2021-11-18,"NY",8.78232285939751
2021-10-24,"ND",5.24702407216049
2021-10-24,"WA",7.53689712956617
2021-10-24,"MD",6.57646956904822
2021-10-24,"VT",5.54517744447956
2021-10-24,"ME",5.14749447681345
2021-10-24,"NE",0
2021-10-24,"DE",5.7037824746562
2021-10-24,"WI",0
2021-10-24,"GU",4.85981240436167
2021-10-24,"MI",0
2021-10-24,"CT",0
2021-10-24,"NV",0
2021-10-24,"IN",0
2021-10-24,"ID",5.49306144334055
2021-10-24,"MO",7.02019070831193
2021-10-24,"MT",0
2021-10-24,"IL",0
2021-10-24,"MS",0
2021-10-24,"AL",5.69035945432406
2021-10-24,"CA",0
2021-10-24,"NC",7.37023064180708
2021-10-24,"NH",0
2021-10-24,"VI",0
2021-10-24,"OR",0
2021-10-24,"FSM",0
2021-10-24,"SC",6.78445706263764
2021-10-24,"NJ",6.66949808985788
2021-10-24,"DC",0
2021-10-24,"MN",0
2021-10-24,"KY",6.74051935960622
2021-10-24,"AZ",7.3031700512368
2021-10-24,"RI",5.01063529409626
2021-10-24,"LA",0
2021-10-24,"VA",0
2021-10-24,"WY",0
2021-10-24,"KS",0
2021-10-24,"AS",0
2021-10-24,"AR",5.50938833662798
2021-10-24,"MP",0.693147180559945
2021-10-24,"PW",0
2021-10-24,"UT",0
2021-10-24,"HI",5.03695260241363
2021-10-24,"AK",0
2021-10-24,"FL",6.88653164253051
2021-10-24,"GA",0
2021-10-24,"OK",0
2021-10-24,"NYC",7.80669637252118
2021-10-24,"CO",7.68570306123455
2021-10-24,"TX",7.32448997934853
2021-10-24,"PR",4.04305126783455
2021-10-24,"MA",0
2021-10-24,"WV",6.46614472423762
2021-10-24,"TN",6.67582322163485
2021-10-24,"PA",8.13593277200489
2021-10-24,"IA",0
2021-10-24,"OH",7.84031298332016
2021-10-24,"RMI",0
2021-10-24,"SD",0
2021-10-24,"NM",0
2021-10-24,"NY",7.67461749736436
2021-10-07,"ND",6.5424719605068
2021-10-07,"WA",7.98786409608569
2021-10-07,"MD",7.24351297466548
2021-10-07,"VT",5.62401750618734
2021-10-07,"ME",6.18826412308259
2021-10-07,"NE",6.71780469502369
2021-10-07,"DE",6.15697898558556
2021-10-07,"WI",8.07527154629746
2021-10-07,"GU",4.88280192258637
2021-10-07,"MI",8.5577591531629
2021-10-07,"CT",6.30809844150953
2021-10-07,"NV",6.61472560020376
2021-10-07,"IN",7.69575799055476
2021-10-07,"ID",7.18690102041163
2021-10-07,"MO",7.37525577800975
2021-10-07,"MT",7.16549347506085
2021-10-07,"IL",8.12326131912175
2021-10-07,"MS",6.40025744530882
2021-10-07,"AL",7.0057890192535
2021-10-07,"CA",9.04085606398372
2021-10-07,"NC",8.26126815057765
2021-10-07,"NH",6.44413125670044
2021-10-07,"VI",3.46573590279973
2021-10-07,"OR",7.26332961747684
2021-10-07,"FSM",0
2021-10-07,"SC",7.55328660560042
2021-10-07,"NJ",7.63336964967958
2021-10-07,"DC",4.79579054559674
2021-10-07,"MN",7.88908440703551
2021-10-07,"KY",7.74153358928183
2021-10-07,"AZ",7.83597458172157
2021-10-07,"RI",5.56452040732269
2021-10-07,"LA",6.87935580446044
2021-10-07,"VA",7.95050243480885
2021-10-07,"WY",6.52502965784346
2021-10-07,"KS",7.00850518208228
2021-10-07,"AS",0
2021-10-07,"AR",6.79570577517351
2021-10-07,"MP",0.693147180559945
2021-10-07,"PW",0
2021-10-07,"UT",7.49886973397693
2021-10-07,"HI",5.63121178182137
2021-10-07,"AK",6.7286286130847
2021-10-07,"FL",8.28702502516506
2021-10-07,"GA",8.65765054411149
2021-10-07,"OK",7.45066079621154
2021-10-07,"NYC",7.18916773842032
2021-10-07,"CO",7.99429498641598
2021-10-07,"TX",8.99912539152725
2021-10-07,"PR",4.89783979995091
2021-10-07,"MA",7.45182223652793
2021-10-07,"WV",7.3304052118444
2021-10-07,"TN",7.80384330353877
2021-10-07,"PA",8.66905554072548
2021-10-07,"IA",7.3356339819272
2021-10-07,"OH",8.75004942158424
2021-10-07,"RMI",0
2021-10-07,"SD",6.16331480403464
2021-10-07,"NM",6.93147180559945
2021-10-07,"NY",8.21039625510477
2021-10-29,"ND",6.25575004175337
2021-10-29,"WA",7.84932381804056
2021-10-29,"MD",6.81563999007433
2021-10-29,"VT",5.47227067367148
2021-10-29,"ME",6.46769872610435
2021-10-29,"NE",7.38647084882989
2021-10-29,"DE",5.67332326717149
2021-10-29,"WI",7.89095671613892
2021-10-29,"GU",3.61091791264422
2021-10-29,"MI",8.45765547870004
2021-10-29,"CT",6.05208916892442
2021-10-29,"NV",0
2021-10-29,"IN",7.55851674304564
2021-10-29,"ID",6.98193467715639
2021-10-29,"MO",7.02286808608264
2021-10-29,"MT",6.65672652417839
2021-10-29,"IL",7.88231491898027
2021-10-29,"MS",5.73657229747919
2021-10-29,"AL",6.3261494731551
2021-10-29,"CA",8.86770920803939
2021-10-29,"NC",7.60389796852188
2021-10-29,"NH",7.63867982387611
2021-10-29,"VI",2.94443897916644
2021-10-29,"OR",7.23056315340929
2021-10-29,"FSM",0
2021-10-29,"SC",6.91373735065968
2021-10-29,"NJ",7.17548971362422
2021-10-29,"DC",4.89034912822175
2021-10-29,"MN",8.10711747075039
2021-10-29,"KY",7.08422642209792
2021-10-29,"AZ",8.21392359562274
2021-10-29,"RI",5.52146091786225
2021-10-29,"LA",5.48893772615669
2021-10-29,"VA",7.25063551189868
2021-10-29,"WY",6.26149168432104
2021-10-29,"KS",7.55851674304564
2021-10-29,"AS",0
2021-10-29,"AR",6.30444880242198
2021-10-29,"MP",2.07944154167984
2021-10-29,"PW",0
2021-10-29,"UT",7.50163445788341
2021-10-29,"HI",4.969813299576
2021-10-29,"AK",6.68210859744981
2021-10-29,"FL",7.49331724886215
2021-10-29,"GA",7.10987946307227
2021-10-29,"OK",6.56103066589657
2021-10-29,"NYC",7.7397944584087
2021-10-29,"CO",8.18144069571937
2021-10-29,"TX",8.56959587020929
2021-10-29,"PR",4.78749174278205
2021-10-29,"MA",7.23849684089437
2021-10-29,"WV",6.80572255341699
2021-10-29,"TN",6.99025650049388
2021-10-29,"PA",8.41338702269065
2021-10-29,"IA",7.78197323443438
2021-10-29,"OH",8.15651022607997
2021-10-29,"RMI",0
2021-10-29,"SD",5.98393628068719
2021-10-29,"NM",6.96129604591017
2021-10-29,"NY",8.34021732094704
2021-10-14,"ND",6.3297209055227
2021-10-14,"WA",7.95331834656043
2021-10-14,"MD",7.02464903045364
2021-10-14,"VT",4.84418708645859
2021-10-14,"ME",6.3261494731551
2021-10-14,"NE",6.55393340402581
2021-10-14,"DE",6.2363695902037
2021-10-14,"WI",7.97831096986772
2021-10-14,"GU",4.66343909411207
2021-10-14,"MI",8.41648848729461
2021-10-14,"CT",6.81234509417748
2021-10-14,"NV",6.56244409369372
2021-10-14,"IN",7.87092959675514
2021-10-14,"ID",7.56837926783652
2021-10-14,"MO",7.29301767977278
2021-10-14,"MT",7.1608459066643
2021-10-14,"IL",7.81681996576455
2021-10-14,"MS",6.02102334934953
2021-10-14,"AL",7.03878354138854
2021-10-14,"CA",8.89068592028113
2021-10-14,"NC",8.0959035329611
2021-10-14,"NH",6.47543271670409
2021-10-14,"VI",3.76120011569356
2021-10-14,"OR",7.03614849375054
2021-10-14,"FSM",0
2021-10-14,"SC",7.23993259132047
2021-10-14,"NJ",7.40184157874383
2021-10-14,"DC",4.63472898822964
2021-10-14,"MN",7.97831096986772
2021-10-14,"KY",7.66011431917393
2021-10-14,"AZ",7.77779262633883
2021-10-14,"RI",5.68017260901707
2021-10-14,"LA",6.73696695800186
2021-10-14,"VA",7.76556908109732
2021-10-14,"WY",6.40687998606931
2021-10-14,"KS",6.81454289725996
2021-10-14,"AS",0
2021-10-14,"AR",6.66185474054531
2021-10-14,"MP",0.693147180559945
2021-10-14,"PW",0
2021-10-14,"UT",7.13409372119287
2021-10-14,"HI",5.05624580534831
2021-10-14,"AK",6.86693328446188
2021-10-14,"FL",7.98786409608569
2021-10-14,"GA",7.6511201757027
2021-10-14,"OK",7.07411681619736
2021-10-14,"NYC",7.614312146452
2021-10-14,"CO",7.97108575350561
2021-10-14,"TX",8.67470962929122
2021-10-14,"PR",5.37989735354046
2021-10-14,"MA",7.4899708988348
2021-10-14,"WV",7.14282740116162
2021-10-14,"TN",7.6425241342329
2021-10-14,"PA",8.56674497024549
2021-10-14,"IA",7.11314210870709
2021-10-14,"OH",8.54558626591746
2021-10-14,"RMI",0
2021-10-14,"SD",5.8348107370626
2021-10-14,"NM",6.77650699237218
2021-10-14,"NY",8.11552088154677
2021-10-19,"ND",6.361302477573
2021-10-19,"WA",7.38087903556412
2021-10-19,"MD",6.29894924685594
2021-10-19,"VT",4.93447393313069
2021-10-19,"ME",6.29526600143965
2021-10-19,"NE",7.21597500265147
2021-10-19,"DE",5.29330482472449
2021-10-19,"WI",7.57250298502038
2021-10-19,"GU",4.81218435537242
2021-10-19,"MI",8.48673398393153
2021-10-19,"CT",6.56526497003536
2021-10-19,"NV",6.90875477931522
2021-10-19,"IN",7.3362856600213
2021-10-19,"ID",7.28961052145117
2021-10-19,"MO",7.09174211509515
2021-10-19,"MT",7.19142933003638
2021-10-19,"IL",7.63626960337937
2021-10-19,"MS",6.10702288774225
2021-10-19,"AL",6.58617165485467
2021-10-19,"CA",8.31434234336979
2021-10-19,"NC",7.53101633207792
2021-10-19,"NH",5.93489419561959
2021-10-19,"VI",1.94591014905531
2021-10-19,"OR",7.20266119652324
2021-10-19,"FSM",0
2021-10-19,"SC",6.46614472423762
2021-10-19,"NJ",7.12205988162914
2021-10-19,"DC",3.71357206670431
2021-10-19,"MN",8.64188563537355
2021-10-19,"KY",7.26192709270275
2021-10-19,"AZ",7.54380286750151
2021-10-19,"RI",5.39816270151775
2021-10-19,"LA",6.36647044773144
2021-10-19,"VA",7.50823877467866
2021-10-19,"WY",5.99893656194668
2021-10-19,"KS",6.96696713861398
2021-10-19,"AS",0
2021-10-19,"AR",6.49526555593701
2021-10-19,"MP",0.693147180559945
2021-10-19,"PW",0
2021-10-19,"UT",7.20340552108309
2021-10-19,"HI",4.17438726989564
2021-10-19,"AK",6.54391184556479
2021-10-19,"FL",7.90801944463247
2021-10-19,"GA",7.4265490723973
2021-10-19,"OK",6.79794041297493
2021-10-19,"NYC",7.28756064030972
2021-10-19,"CO",7.55433482372575
2021-10-19,"TX",8.81685324062743
2021-10-19,"PR",4.79579054559674
2021-10-19,"MA",7.62364194651157
2021-10-19,"WV",6.63068338564237
2021-10-19,"TN",7.37838371299671
2021-10-19,"PA",8.26873183211774
2021-10-19,"IA",7.70120018085745
2021-10-19,"OH",8.19367666595524
2021-10-19,"RMI",0
2021-10-19,"SD",6.6052979209482
2021-10-19,"NM",6.24804287450843
2021-10-19,"NY",7.5234813125735
2021-11-19,"ND",6.19031540585315
2021-11-19,"WA",7.44541755670169
2021-11-19,"MD",6.98749024700099
2021-11-19,"VT",6.0913098820777
2021-11-19,"ME",6.87419849545329
2021-11-19,"NE",7.03174125876313
2021-11-19,"DE",6.11146733950268
2021-11-19,"WI",8.33471162182092
2021-11-19,"GU",1.6094379124341
2021-11-19,"MI",9.18584274037578
2021-11-19,"CT",6.75809450442773
2021-11-19,"NV",6.48920493132532
2021-11-19,"IN",8.22523532410167
2021-11-19,"ID",6.48768401848461
2021-11-19,"MO",7.5569505720129
2021-11-19,"MT",6.18208490671663
2021-11-19,"IL",8.65189889426853
2021-11-19,"MS",6.05678401322862
2021-11-19,"AL",6.41999492814714
2021-11-19,"CA",8.58073121222023
2021-11-19,"NC",7.79729127354747
2021-11-19,"NH",6.89467003943348
2021-11-19,"VI",2.56494935746154
2021-11-19,"OR",6.9782137426307
2021-11-19,"FSM",0
2021-11-19,"SC",6.8501261661455
2021-11-19,"NJ",7.71423114484909
2021-11-19,"DC",4.9416424226093
2021-11-19,"MN",8.54655780004614
2021-11-19,"KY",7.59135704669855
2021-11-19,"AZ",8.53129331579502
2021-11-19,"RI",6.33327962813969
2021-11-19,"LA",6.1779441140506
2021-11-19,"VA",7.40245152081824
2021-11-19,"WY",5.46383180502561
2021-11-19,"KS",7.96589273508453
2021-11-19,"AS",0
2021-11-19,"AR",6.59714570188665
2021-11-19,"MP",3.17805383034795
2021-11-19,"PW",0
2021-11-19,"UT",7.4759059693674
2021-11-19,"HI",5.29330482472449
2021-11-19,"AK",6.24416690066374
2021-11-19,"FL",7.44424864949671
2021-11-19,"GA",7.25347038268453
2021-11-19,"OK",6.89365635460264
2021-11-19,"NYC",0
2021-11-19,"CO",8.11372608597075
2021-11-19,"TX",8.38274709486331
2021-11-19,"PR",5.42053499927229
2021-11-19,"MA",7.95331834656043
2021-11-19,"WV",7.21817683840341
2021-11-19,"TN",7.38336814699238
2021-11-19,"PA",8.93656120469339
2021-11-19,"IA",8.26281693767093
2021-11-19,"OH",8.76872981723167
2021-11-19,"RMI",0
2021-11-19,"SD",6.03068526026126
2021-11-19,"NM",7.51588908521513
2021-11-19,"NY",8.70251025718999
2021-11-24,"ND",6.56385552653213
2021-11-24,"WA",7.02108396428914
2021-11-24,"MD",6.80903930604298
2021-11-24,"VT",5.63121178182137
2021-11-24,"ME",6.85856503479136
2021-11-24,"NE",7.19443685110033
2021-11-24,"DE",5.66988092298052
2021-11-24,"WI",8.46252579007393
2021-11-24,"GU",2.30258509299405
2021-11-24,"MI",9.44778122799122
2021-11-24,"CT",6.73578001424233
2021-11-24,"NV",6.57088296233958
2021-11-24,"IN",8.29004161870449
2021-11-24,"ID",6.34738920965601
2021-11-24,"MO",7.20711885620776
2021-11-24,"MT",6.19847871649231
2021-11-24,"IL",8.52892411429194
2021-11-24,"MS",6.07073772800249
2021-11-24,"AL",6.26720054854136
2021-11-24,"CA",8.02747653086048
2021-11-24,"NC",7.74022952476318
2021-11-24,"NH",7.03262426102801
2021-11-24,"VI",2.39789527279837
2021-11-24,"OR",6.74758652682932
2021-11-24,"FSM",0
2021-11-24,"SC",6.38687931936265
2021-11-24,"NJ",7.70029520342012
2021-11-24,"DC",4.35670882668959
2021-11-24,"MN",8.22469956196723
2021-11-24,"KY",7.61677580869837
2021-11-24,"AZ",8.31016902198191
2021-11-24,"RI",6.24027584517077
2021-11-24,"LA",5.82304589548302
2021-11-24,"VA",7.48549160803075
2021-11-24,"WY",5.36597601502185
2021-11-24,"KS",7.98718474823347
2021-11-24,"AS",0
2021-11-24,"AR",6.54391184556479
2021-11-24,"MP",4.59511985013459
2021-11-24,"PW",0
2021-11-24,"UT",7.49831587076698
2021-11-24,"HI",4.65396035015752
2021-11-24,"AK",6.16541785423142
2021-11-24,"FL",7.46737106691756
2021-11-24,"GA",7.02908756414966
2021-11-24,"OK",6.85224256905188
2021-11-24,"NYC",0
2021-11-24,"CO",8.04750951098142
2021-11-24,"TX",8.3354314778808
2021-11-24,"PR",4.92725368515721
2021-11-24,"MA",8.13827263853019
2021-11-24,"WV",6.78445706263764
2021-11-24,"TN",7.40671073017764
2021-11-24,"PA",8.9319483464315
2021-11-24,"IA",7.28619171470238
2021-11-24,"OH",8.81759403627579
2021-11-24,"RMI",0
2021-11-24,"SD",6.3491389913798
2021-11-24,"NM",7.20711885620776
2021-11-24,"NY",8.64787051505785
2021-11-06,"ND",0
2021-11-06,"WA",7.72709448477984
2021-11-06,"MD",6.67456139181443
2021-11-06,"VT",5.53338948872752
2021-11-06,"ME",6.06842558824411
2021-11-06,"NE",0
2021-11-06,"DE",5.62762111369064
2021-11-06,"WI",0
2021-11-06,"GU",2.77258872223978
2021-11-06,"MI",0
2021-11-06,"CT",0
2021-11-06,"NV",0
2021-11-06,"IN",0
2021-11-06,"ID",5.85793315448346
2021-11-06,"MO",6.64378973314767
2021-11-06,"MT",0
2021-11-06,"IL",0
2021-11-06,"MS",0
2021-11-06,"AL",5.57215403217776
2021-11-06,"CA",0
2021-11-06,"NC",7.44424864949671
2021-11-06,"NH",0
2021-11-06,"VI",2.77258872223978
2021-11-06,"OR",0
2021-11-06,"FSM",0
2021-11-06,"SC",6.72982407048948
2021-11-06,"NJ",7.24708058458576
2021-11-06,"DC",0
2021-11-06,"MN",0
2021-11-06,"KY",7.01481435127554
2021-11-06,"AZ",8.18674278711352
2021-11-06,"RI",5.72358510195238
2021-11-06,"LA",0
2021-11-06,"VA",0
2021-11-06,"WY",0
2021-11-06,"KS",0
2021-11-06,"AS",0
2021-11-06,"AR",6.12249280951439
2021-11-06,"MP",1.6094379124341
2021-11-06,"PW",0
2021-11-06,"UT",0
2021-11-06,"HI",4.48863636973214
2021-11-06,"AK",0
2021-11-06,"FL",7.16394668434255
2021-11-06,"GA",0
2021-11-06,"OK",0
2021-11-06,"NYC",0
2021-11-06,"CO",8.11581970121133
2021-11-06,"TX",7.81197342962202
2021-11-06,"PR",5.18738580584075
2021-11-06,"MA",0
2021-11-06,"WV",6.76503897678054
2021-11-06,"TN",7.01121398735037
2021-11-06,"PA",8.44762872803033
2021-11-06,"IA",0
2021-11-06,"OH",7.93451346388226
2021-11-06,"RMI",0
2021-11-06,"SD",0
2021-11-06,"NM",0
2021-11-06,"NY",8.25634777291802
2021-11-30,"ND",6.52649485957079
2021-11-30,"WA",7.23056315340929
2021-11-30,"MD",7.12689080889881
2021-11-30,"VT",5.32300997913841
2021-11-30,"ME",7.11476944836646
2021-11-30,"NE",7.23345541862144
2021-11-30,"DE",5.63478960316925
2021-11-30,"WI",8.68490859582083
2021-11-30,"GU",2.77258872223978
2021-11-30,"MI",9.12739345115526
2021-11-30,"CT",6.81124437860129
2021-11-30,"NV",6.80128303447162
2021-11-30,"IN",8.30844552038576
2021-11-30,"ID",6.45676965557216
2021-11-30,"MO",8.02682357621763
2021-11-30,"MT",6.37842618365159
2021-11-30,"IL",8.65084957622891
2021-11-30,"MS",6.30991827822652
2021-11-30,"AL",6.55677835615804
2021-11-30,"CA",8.44848599340645
2021-11-30,"NC",7.79729127354747
2021-11-30,"NH",6.86484777797086
2021-11-30,"VI",0
2021-11-30,"OR",6.94119005506837
2021-11-30,"FSM",0
2021-11-30,"SC",6.20859002609663
2021-11-30,"NJ",8.0870254706677
2021-11-30,"DC",4.02535169073515
2021-11-30,"MN",9.44398855593548
2021-11-30,"KY",7.90691548867859
2021-11-30,"AZ",7.99699040583765
2021-11-30,"RI",6.64768837356333
2021-11-30,"LA",6.38012253689976
2021-11-30,"VA",7.78904040165748
2021-11-30,"WY",5.5834963087817
2021-11-30,"KS",0
2021-11-30,"AS",1.79175946922805
2021-11-30,"AR",6.95177216439891
2021-11-30,"MP",3.25809653802148
2021-11-30,"PW",0
2021-11-30,"UT",7.08673793451058
2021-11-30,"HI",4.33073334028633
2021-11-30,"AK",5.21493575760899
2021-11-30,"FL",7.67508185771633
2021-11-30,"GA",7.28756064030972
2021-11-30,"OK",6.37331978957701
2021-11-30,"NYC",7.61677580869837
2021-11-30,"CO",7.85941315469358
2021-11-30,"TX",8.74464743831753
2021-11-30,"PR",2.77258872223978
2021-11-30,"MA",8.18952211074809
2021-11-30,"WV",6.66057514983969
2021-11-30,"TN",7.68017564043659
2021-11-30,"PA",8.65990729361541
2021-11-30,"IA",7.92443418488756
2021-11-30,"OH",8.8167050156216
2021-11-30,"RMI",0
2021-11-30,"SD",7.20191631753163
2021-11-30,"NM",7.02642680869964
2021-11-30,"NY",8.55082137239622
2021-10-31,"ND",5.71702770140622
2021-10-31,"WA",7.41577697541539
2021-10-31,"MD",6.45676965557216
2021-10-31,"VT",5.59842195899838
2021-10-31,"ME",5.57594910314632
2021-10-31,"NE",0
2021-10-31,"DE",5.54517744447956
2021-10-31,"WI",0
2021-10-31,"GU",4.60517018598809
2021-10-31,"MI",0
2021-10-31,"CT",0
2021-10-31,"NV",0
2021-10-31,"IN",0
2021-10-31,"ID",4.17438726989564
2021-10-31,"MO",6.22455842927536
2021-10-31,"MT",0
2021-10-31,"IL",0
2021-10-31,"MS",0
2021-10-31,"AL",5.4380793089232
2021-10-31,"CA",0
2021-10-31,"NC",7.15773548424991
2021-10-31,"NH",0
2021-10-31,"VI",1.09861228866811
2021-10-31,"OR",0
2021-10-31,"FSM",0
2021-10-31,"SC",6.62671774924902
2021-10-31,"NJ",7.10332206252611
2021-10-31,"DC",0
2021-10-31,"MN",0
2021-10-31,"KY",6.31896811374643
2021-10-31,"AZ",7.95191138185419
2021-10-31,"RI",5.22035582507832
2021-10-31,"LA",0
2021-10-31,"VA",0
2021-10-31,"WY",0
2021-10-31,"KS",0
2021-10-31,"AS",0
2021-10-31,"AR",5.40267738187228
2021-10-31,"MP",1.79175946922805
2021-10-31,"PW",0
2021-10-31,"UT",0
2021-10-31,"HI",4.83628190695148
2021-10-31,"AK",0
2021-10-31,"FL",6.87419849545329
2021-10-31,"GA",0
2021-10-31,"OK",0
2021-10-31,"NYC",0
2021-10-31,"CO",7.89618060861549
2021-10-31,"TX",6.50128967054039
2021-10-31,"PR",3.97029191355212
2021-10-31,"MA",0
2021-10-31,"WV",6.49526555593701
2021-10-31,"TN",6.45362499889269
2021-10-31,"PA",8.04398443122155
2021-10-31,"IA",0
2021-10-31,"OH",7.79028238070348
2021-10-31,"RMI",0
2021-10-31,"SD",0
2021-10-31,"NM",0
2021-10-31,"NY",7.9355873855892
2021-10-22,"ND",6.15697898558556
2021-10-22,"WA",7.81601383915903
2021-10-22,"MD",6.76157276880406
2021-10-22,"VT",5.32300997913841
2021-10-22,"ME",6.40025744530882
2021-10-22,"NE",0
2021-10-22,"DE",5.99396142730657
2021-10-22,"WI",7.78862606562503
2021-10-22,"GU",3.61091791264422
2021-10-22,"MI",8.37976851550457
2021-10-22,"CT",6.11809719804135
2021-10-22,"NV",6.71295620067707
2021-10-22,"IN",7.54168309988211
2021-10-22,"ID",7.3004728142678
2021-10-22,"MO",7.08002649992259
2021-10-22,"MT",6.98378996525813
2021-10-22,"IL",7.99631723179675
2021-10-22,"MS",5.96614673912369
2021-10-22,"AL",6.89162589705225
2021-10-22,"CA",8.71505995954565
2021-10-22,"NC",7.72001794043224
2021-10-22,"NH",6.2841341610708
2021-10-22,"VI",2.19722457733622
2021-10-22,"OR",7.2902928824466
2021-10-22,"FSM",0
2021-10-22,"SC",7.03262426102801
2021-10-22,"NJ",7.44249272279444
2021-10-22,"DC",4.74493212836325
2021-10-22,"MN",7.66622192566273
2021-10-22,"KY",7.15539630189673
2021-10-22,"AZ",8.03106018024062
2021-10-22,"RI",5.38449506278909
2021-10-22,"LA",6.52502965784346
2021-10-22,"VA",7.46737106691756
2021-10-22,"WY",6.24027584517077
2021-10-22,"KS",6.85435450225502
2021-10-22,"AS",0
2021-10-22,"AR",6.43454651878745
2021-10-22,"MP",0
2021-10-22,"PW",0
2021-10-22,"UT",7.39018142822643
2021-10-22,"HI",4.77912349311153
2021-10-22,"AK",6.72743172485086
2021-10-22,"FL",7.96067260838812
2021-10-22,"GA",7.3375877435386
2021-10-22,"OK",6.63856778916652
2021-10-22,"NYC",0
2021-10-22,"CO",7.95892649305011
2021-10-22,"TX",8.55043452519604
2021-10-22,"PR",4.84418708645859
2021-10-22,"MA",7.28276117960559
2021-10-22,"WV",6.91274282049318
2021-10-22,"TN",7.43602781635185
2021-10-22,"PA",8.41116578677071
2021-10-22,"IA",7.10824413973154
2021-10-22,"OH",8.31360713931756
2021-10-22,"RMI",0
2021-10-22,"SD",5.82304589548302
2021-10-22,"NM",6.89060912014717
2021-10-22,"NY",7.91425227874244
2021-11-01,"ND",6.70196036600254
2021-11-01,"WA",7.07411681619736
2021-11-01,"MD",6.10702288774225
2021-11-01,"VT",5.01063529409626
2021-11-01,"ME",6.24997524225948
2021-11-01,"NE",7.38274644973891
2021-11-01,"DE",5.26785815906333
2021-11-01,"WI",8.47345026846832
2021-11-01,"GU",3.58351893845611
2021-11-01,"MI",9.25109836444835
2021-11-01,"CT",6.72503364216684
2021-11-01,"NV",7.68662133494462
2021-11-01,"IN",8.28702502516506
2021-11-01,"ID",6.90975328164481
2021-11-01,"MO",7.02286808608264
2021-11-01,"MT",7.02997291170639
2021-11-01,"IL",8.72029728739272
2021-11-01,"MS",6.20253551718792
2021-11-01,"AL",6.84161547647759
2021-11-01,"CA",9.87055105228986
2021-11-01,"NC",6.90975328164481
2021-11-01,"NH",7.722677516468
2021-11-01,"VI",0
2021-11-01,"OR",7.84698098213879
2021-11-01,"FSM",0
2021-11-01,"SC",6.24222326545517
2021-11-01,"NJ",6.71174039505618
2021-11-01,"DC",5.44241771052179
2021-11-01,"MN",7.8164169836918
2021-11-01,"KY",6.2709884318583
2021-11-01,"AZ",7.64539769942863
2021-11-01,"RI",4.9416424226093
2021-11-01,"LA",7.33302301438648
2021-11-01,"VA",8.02812905943176
2021-11-01,"WY",6.54678541076052
2021-11-01,"KS",7.1608459066643
2021-11-01,"AS",0
2021-11-01,"AR",4.92725368515721
2021-11-01,"MP",0
2021-11-01,"PW",0
2021-11-01,"UT",8.06463647577422
2021-11-01,"HI",4.17438726989564
2021-11-01,"AK",7.32843735289516
2021-11-01,"FL",7.64921631982063
2021-11-01,"GA",7.71110125184016
2021-11-01,"OK",7.28138566357028
2021-11-01,"NYC",7.65349490966125
2021-11-01,"CO",7.52725591937378
2021-11-01,"TX",7.10002716662926
2021-11-01,"PR",2.77258872223978
2021-11-01,"MA",8.10440130792161
2021-11-01,"WV",6.21260609575152
2021-11-01,"TN",6.08449941307517
2021-11-01,"PA",7.92479591395644
2021-11-01,"IA",7.9208096792886
2021-11-01,"OH",7.8087293067444
2021-11-01,"RMI",0
2021-11-01,"SD",6.00141487796115
2021-11-01,"NM",7.87359778968554
2021-11-01,"NY",7.68708015578313
2021-11-22,"ND",6.78897174299217
2021-11-22,"WA",7.23561914106675
2021-11-22,"MD",6.72503364216684
2021-11-22,"VT",5.37989735354046
2021-11-22,"ME",6.43133108193348
2021-11-22,"NE",7.53155238140729
2021-11-22,"DE",5.67332326717149
2021-11-22,"WI",8.95001402953426
2021-11-22,"GU",3.89182029811063
2021-11-22,"MI",9.84017494632436
2021-11-22,"CT",7.63094658089046
2021-11-22,"NV",7.47760424319759
2021-11-22,"IN",8.97752520096524
2021-11-22,"ID",6.45047042214418
2021-11-22,"MO",7.54855597916987
2021-11-22,"MT",6.20050917404269
2021-11-22,"IL",9.34031544839793
2021-11-22,"MS",7.08002649992259
2021-11-22,"AL",6.55819780281227
2021-11-22,"CA",9.63854496705384
2021-11-22,"NC",7.17165682276851
2021-11-22,"NH",8.04622910107538
2021-11-22,"VI",3.04452243772342
2021-11-22,"OR",7.45529848568329
2021-11-22,"FSM",0
2021-11-22,"SC",6.43454651878745
2021-11-22,"NJ",7.34213173058472
2021-11-22,"DC",5.76832099579377
2021-11-22,"MN",8.45850419506756
2021-11-22,"KY",6.70196036600254
2021-11-22,"AZ",8.08641027532378
2021-11-22,"RI",5.80814248998044
2021-11-22,"LA",6.56807791141198
2021-11-22,"VA",8.30844552038576
2021-11-22,"WY",6.18414889093748
2021-11-22,"KS",7.79646924308606
2021-11-22,"AS",0
2021-11-22,"AR",5.6021188208797
2021-11-22,"MP",2.07944154167984
2021-11-22,"PW",0
2021-11-22,"UT",8.25062008217469
2021-11-22,"HI",4.53259949315326
2021-11-22,"AK",6.60394382460047
2021-11-22,"FL",7.42535788702715
2021-11-22,"GA",7.7596141506969
2021-11-22,"OK",0
2021-11-22,"NYC",7.36454701425564
2021-11-22,"CO",7.44775128004791
2021-11-22,"TX",7.57916796739608
2021-11-22,"PR",4.04305126783455
2021-11-22,"MA",8.87374812815439
2021-11-22,"WV",6.32435896238131
2021-11-22,"TN",6.36647044773144
2021-11-22,"PA",8.63141433550626
2021-11-22,"IA",8.09285102753838
2021-11-22,"OH",8.38274709486331
2021-11-22,"RMI",0
2021-11-22,"SD",6.03068526026126
2021-11-22,"NM",8.20056279700856
2021-11-22,"NY",8.31752199628717
2021-10-25,"ND",6.90475076996184
2021-10-25,"WA",7.46851327149634
2021-10-25,"MD",6.24027584517077
2021-10-25,"VT",4.85203026391962
2021-10-25,"ME",6.27852142416584
2021-10-25,"NE",7.71423114484909
2021-10-25,"DE",5.52146091786225
2021-10-25,"WI",8.41493895737748
2021-10-25,"GU",5.03043792139244
2021-10-25,"MI",9.05637300867876
2021-10-25,"CT",6.80239476332431
2021-10-25,"NV",7.31121838441963
2021-10-25,"IN",8.16536363247398
2021-10-25,"ID",6.99484998583307
2021-10-25,"MO",6.88550967003482
2021-10-25,"MT",7.25488481007734
2021-10-25,"IL",8.54500289205551
2021-10-25,"MS",6.32076829425058
2021-10-25,"AL",6.89972310728487
2021-10-25,"CA",0
2021-10-25,"NC",7.06731984865348
2021-10-25,"NH",6.48004456192665
2021-10-25,"VI",2.484906649788
2021-10-25,"OR",7.69984240739699
2021-10-25,"FSM",0
2021-10-25,"SC",6.59987049921284
2021-10-25,"NJ",6.8501261661455
2021-10-25,"DC",5.67675380226828
2021-10-25,"MN",8.00034949532468
2021-10-25,"KY",6.26149168432104
2021-10-25,"AZ",5.06890420222023
2021-10-25,"RI",4.57471097850338
2021-10-25,"LA",6.77878489768518
2021-10-25,"VA",8.15937473677543
2021-10-25,"WY",6.8134445995109
2021-10-25,"KS",7.29844510150815
2021-10-25,"AS",0
2021-10-25,"AR",5.08759633523238
2021-10-25,"MP",0
2021-10-25,"PW",0
2021-10-25,"UT",8.19891444498699
2021-10-25,"HI",4.45434729625351
2021-10-25,"AK",7.41276401742656
2021-10-25,"FL",7.65917136766606
2021-10-25,"GA",7.92588031673756
2021-10-25,"OK",0
2021-10-25,"NYC",6.83733281468559
2021-10-25,"CO",7.59839932932396
2021-10-25,"TX",7.51969240411654
2021-10-25,"PR",3.2188758248682
2021-10-25,"MA",8.12946976478423
2021-10-25,"WV",6.77764659363512
2021-10-25,"TN",6.37842618365159
2021-10-25,"PA",7.793999089504
2021-10-25,"IA",7.62803112693033
2021-10-25,"OH",7.75190533307861
2021-10-25,"RMI",0
2021-10-25,"SD",5.69035945432406
2021-10-25,"NM",7.75018416225784
2021-10-25,"NY",7.76472054477148
2021-11-15,"ND",6.86797440897029
2021-11-15,"WA",7.32184971378836
2021-11-15,"MD",6.57646956904822
2021-11-15,"VT",5.31320597904179
2021-11-15,"ME",6.68210859744981
2021-11-15,"NE",7.58933582317062
2021-11-15,"DE",5.6021188208797
2021-11-15,"WI",8.86361575889062
2021-11-15,"GU",3.73766961828337
2021-11-15,"MI",10.0505272951854
2021-11-15,"CT",7.68708015578313
2021-11-15,"NV",7.46106551435428
2021-11-15,"IN",8.69901462316851
2021-11-15,"ID",6.5206211275587
2021-11-15,"MO",7.30720231476474
2021-11-15,"MT",6.6631326959908
2021-11-15,"IL",9.09638749190015
2021-11-15,"MS",6.69332366826995
2021-11-15,"AL",6.47697236288968
2021-11-15,"CA",9.03729565196244
2021-11-15,"NC",7.09837563859079
2021-11-15,"NH",7.70029520342012
2021-11-15,"VI",2.63905732961526
2021-11-15,"OR",7.5595594960077
2021-11-15,"FSM",0
2021-11-15,"SC",6.30627528694802
2021-11-15,"NJ",7.21744343169653
2021-11-15,"DC",5.53338948872752
2021-11-15,"MN",8.56845648535378
2021-11-15,"KY",6.48463523563525
2021-11-15,"AZ",7.92840602618053
2021-11-15,"RI",5.74300318780948
2021-11-15,"LA",6.84906628263346
2021-11-15,"VA",8.05006542291597
2021-11-15,"WY",6.43133108193348
2021-11-15,"KS",7.61085279039525
2021-11-15,"AS",0.693147180559945
2021-11-15,"AR",5.02388052084628
2021-11-15,"MP",1.79175946922805
2021-11-15,"PW",0
2021-11-15,"UT",8.41249912030157
2021-11-15,"HI",4.54329478227
2021-11-15,"AK",6.97541392745595
2021-11-15,"FL",7.4713630881871
2021-11-15,"GA",7.72134861261795
2021-11-15,"OK",7.71154897962915
2021-11-15,"NYC",7.10414409298753
2021-11-15,"CO",7.56268124672188
2021-11-15,"TX",7.22693601849329
2021-11-15,"PR",4.34380542185368
2021-11-15,"MA",8.67368398817567
2021-11-15,"WV",6.18826412308259
2021-11-15,"TN",6.5694814204143
2021-11-15,"PA",8.1426451859428
2021-11-15,"IA",7.99799931797973
2021-11-15,"OH",8.27588566947436
2021-11-15,"RMI",0
2021-11-15,"SD",6.61472560020376
2021-11-15,"NM",8.21338173703457
2021-11-15,"NY",8.16791936295782
2021-10-09,"ND",4.91998092582813
2021-10-09,"WA",7.80913539812054
2021-10-09,"MD",7.13886699994552
2021-10-09,"VT",5.40267738187228
2021-10-09,"ME",5.74939298590825
2021-10-09,"NE",5.84932477994686
2021-10-09,"DE",6.41345895716736
2021-10-09,"WI",7.55903825544338
2021-10-09,"GU",4.12713438504509
2021-10-09,"MI",8.09346227450118
2021-10-09,"CT",5.90808293816893
2021-10-09,"NV",6.42486902390539
2021-10-09,"IN",7.36137542897735
2021-10-09,"ID",6.67329796776765
2021-10-09,"MO",6.64768837356333
2021-10-09,"MT",6.31896811374643
2021-10-09,"IL",7.58375630070711
2021-10-09,"MS",5.84932477994686
2021-10-09,"AL",6.46458830368996
2021-10-09,"CA",0
2021-10-09,"NC",8.13446757027756
2021-10-09,"NH",5.36129216570943
2021-10-09,"VI",3.25809653802148
2021-10-09,"OR",6.86797440897029
2021-10-09,"FSM",0
2021-10-09,"SC",7.51043055637801
2021-10-09,"NJ",7.51152464839087
2021-10-09,"DC",4.70048036579242
2021-10-09,"MN",6.97166860472579
2021-10-09,"KY",7.57814547241947
2021-10-09,"AZ",7.76599307940768
2021-10-09,"RI",5.64544689764324
2021-10-09,"LA",6.19031540585315
2021-10-09,"VA",7.40427911803727
2021-10-09,"WY",5.62762111369064
2021-10-09,"KS",6.34035930372775
2021-10-09,"AS",0
2021-10-09,"AR",6.78897174299217
2021-10-09,"MP",0
2021-10-09,"PW",0
2021-10-09,"UT",6.99576615630485
2021-10-09,"HI",5.24702407216049
2021-10-09,"AK",6.81563999007433
2021-10-09,"FL",7.9707403900071
2021-10-09,"GA",7.46908388492123
2021-10-09,"OK",6.71052310945243
2021-10-09,"NYC",7.1693500166706
2021-10-09,"CO",7.86057078553866
2021-10-09,"TX",8.57262789830434
2021-10-09,"PR",4.70048036579242
2021-10-09,"MA",7.05272104923232
2021-10-09,"WV",7.14519613499717
2021-10-09,"TN",7.77022320415879
2021-10-09,"PA",8.63248423575097
2021-10-09,"IA",6.78784498230958
2021-10-09,"OH",8.06652149046999
2021-10-09,"RMI",0
2021-10-09,"SD",4.68213122712422
2021-10-09,"NM",6.4085287910595
2021-10-09,"NY",8.17188200612782
2021-10-23,"ND",0
2021-10-23,"WA",7.67042852219069
2021-10-23,"MD",6.81454289725996
2021-10-23,"VT",5.48063892334199
2021-10-23,"ME",5.4971682252932
2021-10-23,"NE",0
2021-10-23,"DE",5.8406416573734
2021-10-23,"WI",0
2021-10-23,"GU",3.58351893845611
2021-10-23,"MI",0
2021-10-23,"CT",0
2021-10-23,"NV",0
2021-10-23,"IN",0
2021-10-23,"ID",6.5875500148248
2021-10-23,"MO",0
2021-10-23,"MT",0
2021-10-23,"IL",0
2021-10-23,"MS",0
2021-10-23,"AL",5.99396142730657
2021-10-23,"CA",0
2021-10-23,"NC",7.56527528189893
2021-10-23,"NH",0
2021-10-23,"VI",2.19722457733622
2021-10-23,"OR",0
2021-10-23,"FSM",0
2021-10-23,"SC",6.78784498230958
2021-10-23,"NJ",7.03966034986208
2021-10-23,"DC",0
2021-10-23,"MN",0
2021-10-23,"KY",6.96790920180188
2021-10-23,"AZ",8.05356916913454
2021-10-23,"RI",5.33271879326537
2021-10-23,"LA",0
2021-10-23,"VA",0
2021-10-23,"WY",0
2021-10-23,"KS",0
2021-10-23,"AS",0
2021-10-23,"AR",6.08904487544685
2021-10-23,"MP",0
2021-10-23,"PW",0
2021-10-23,"UT",0
2021-10-23,"HI",5.14166355650266
2021-10-23,"AK",0
2021-10-23,"FL",7.61677580869837
2021-10-23,"GA",0
2021-10-23,"OK",0
2021-10-23,"NYC",0
2021-10-23,"CO",7.95892649305011
2021-10-23,"TX",8.23536064375335
2021-10-23,"PR",4.90527477843843
2021-10-23,"MA",0
2021-10-23,"WV",6.77308037565554
2021-10-23,"TN",7.19893124068817
2021-10-23,"PA",8.42814337458273
2021-10-23,"IA",0
2021-10-23,"OH",8.15104494568502
2021-10-23,"RMI",0
2021-10-23,"SD",0
2021-10-23,"NM",0
2021-10-23,"NY",8.150467911624
2021-10-27,"ND",6.50279004591562
2021-10-27,"WA",7.37462901521894
2021-10-27,"MD",6.59578051396131
2021-10-27,"VT",5.03043792139244
2021-10-27,"ME",6.47697236288968
2021-10-27,"NE",6.76503897678054
2021-10-27,"DE",5.54517744447956
2021-10-27,"WI",7.73149202924568
2021-10-27,"GU",4.57471097850338
2021-10-27,"MI",8.579980179515
2021-10-27,"CT",5.82304589548302
2021-10-27,"NV",6.60665018619822
2021-10-27,"IN",7.62413058566129
2021-10-27,"ID",7.12689080889881
2021-10-27,"MO",7.81116338502528
2021-10-27,"MT",6.89162589705225
2021-10-27,"IL",7.60787807327851
2021-10-27,"MS",5.84354441703136
2021-10-27,"AL",7.64396194900253
2021-10-27,"CA",8.3845756668014
2021-10-27,"NC",7.72621265050753
2021-10-27,"NH",0
2021-10-27,"VI",2.94443897916644
2021-10-27,"OR",7.18690102041163
2021-10-27,"FSM",0
2021-10-27,"SC",6.5694814204143
2021-10-27,"NJ",7.16239749735572
2021-10-27,"DC",4.27666611901606
2021-10-27,"MN",7.49554194388426
2021-10-27,"KY",7.28619171470238
2021-10-27,"AZ",8.74830491237962
2021-10-27,"RI",5.44241771052179
2021-10-27,"LA",6.64768837356333
2021-10-27,"VA",7.31055015853442
2021-10-27,"WY",6.19236248947487
2021-10-27,"KS",7.79893331004122
2021-10-27,"AS",0
2021-10-27,"AR",6.32793678372919
2021-10-27,"MP",0
2021-10-27,"PW",0
2021-10-27,"UT",7.63482067774554
2021-10-27,"HI",5.17048399503815
2021-10-27,"AK",6.35437004079735
2021-10-27,"FL",7.78322401633604
2021-10-27,"GA",7.60688453121963
2021-10-27,"OK",0
2021-10-27,"NYC",7.04403289727469
2021-10-27,"CO",8.14786712992395
2021-10-27,"TX",8.41161042884117
2021-10-27,"PR",4.85203026391962
2021-10-27,"MA",7.26961674960817
2021-10-27,"WV",6.92755790627832
2021-10-27,"TN",7.12447826249342
2021-10-27,"PA",8.33782726244791
2021-10-27,"IA",5.79301360838414
2021-10-27,"OH",8.25322764558177
2021-10-27,"RMI",0
2021-10-27,"SD",6.11809719804135
2021-10-27,"NM",6.86484777797086
2021-10-27,"NY",8.16080392095467
2021-11-28,"ND",5.34710753071747
2021-11-28,"WA",6.5191472879404
2021-11-28,"MD",6.73221070646721
2021-11-28,"VT",5.82304589548302
2021-11-28,"ME",6.32256523992728
2021-11-28,"NE",0
2021-11-28,"DE",5.65599181081985
2021-11-28,"WI",0
2021-11-28,"GU",2.83321334405622
2021-11-28,"MI",8.62407255304333
2021-11-28,"CT",0
2021-11-28,"NV",5.97635090929793
2021-11-28,"IN",7.83557924666997
2021-11-28,"ID",0
2021-11-28,"MO",7.20785987143248
2021-11-28,"MT",0
2021-11-28,"IL",8.25660734462616
2021-11-28,"MS",5.28826703069454
2021-11-28,"AL",5.27811465923052
2021-11-28,"CA",8.34188696951619
2021-11-28,"NC",7.34018683532012
2021-11-28,"NH",6.82001636467413
2021-11-28,"VI",0
2021-11-28,"OR",6.24804287450843
2021-11-28,"FSM",0
2021-11-28,"SC",5.5683445037611
2021-11-28,"NJ",7.53369370984863
2021-11-28,"DC",0
2021-11-28,"MN",0
2021-11-28,"KY",7.06987412845857
2021-11-28,"AZ",7.72973533138505
2021-11-28,"RI",6.16541785423142
2021-11-28,"LA",5.52545293913178
2021-11-28,"VA",0
2021-11-28,"WY",0
2021-11-28,"KS",6.71659477352098
2021-11-28,"AS",0
2021-11-28,"AR",5.92692602597041
2021-11-28,"MP",0
2021-11-28,"PW",0
2021-11-28,"UT",0
2021-11-28,"HI",5.01063529409626
2021-11-28,"AK",0
2021-11-28,"FL",7.05703698169789
2021-11-28,"GA",6.55250788703459
2021-11-28,"OK",6.62273632394984
2021-11-28,"NYC",8.31801027754687
2021-11-28,"CO",7.80343505695217
2021-11-28,"TX",5.59471137960184
2021-11-28,"PR",3.68887945411394
2021-11-28,"MA",0
2021-11-28,"WV",6.43133108193348
2021-11-28,"TN",6.5510803350434
2021-11-28,"PA",8.33327035325531
2021-11-28,"IA",0
2021-11-28,"OH",8.3537326422632
2021-11-28,"RMI",0
2021-11-28,"SD",0
2021-11-28,"NM",6.9177056098353
2021-11-28,"NY",8.41338702269065
2021-10-17,"ND",4.69134788222914
2021-10-17,"WA",7.54433210805369
2021-10-17,"MD",6.77078942390898
2021-10-17,"VT",5.44673737166631
2021-10-17,"ME",5.18738580584075
2021-10-17,"NE",5.03043792139244
2021-10-17,"DE",5.51342874616498
2021-10-17,"WI",7.25981961036319
2021-10-17,"GU",4.52178857704904
2021-10-17,"MI",8.04366335239394
2021-10-17,"CT",5.94803498918065
2021-10-17,"NV",6.14418563412565
2021-10-17,"IN",7.15070145759253
2021-10-17,"ID",5.72358510195238
2021-10-17,"MO",6.02102334934953
2021-10-17,"MT",6.04973345523196
2021-10-17,"IL",7.5137092478397
2021-10-17,"MS",5.55682806169954
2021-10-17,"AL",5.82008293035236
2021-10-17,"CA",0
2021-10-17,"NC",7.57712193087668
2021-10-17,"NH",6.289715570909
2021-10-17,"VI",1.09861228866811
2021-10-17,"OR",6.99117688712121
2021-10-17,"FSM",0
2021-10-17,"SC",7.09007683577609
2021-10-17,"NJ",6.7990558620588
2021-10-17,"DC",4.70048036579242
2021-10-17,"MN",6.85751406254539
2021-10-17,"KY",6.61873898351722
2021-10-17,"AZ",7.54274354536855
2021-10-17,"RI",5.28320372873799
2021-10-17,"LA",5.88332238848828
2021-10-17,"VA",7.45818615734049
2021-10-17,"WY",5.83773044716594
2021-10-17,"KS",6.22851100359118
2021-10-17,"AS",0
2021-10-17,"AR",5.95064255258773
2021-10-17,"MP",1.94591014905531
2021-10-17,"PW",0
2021-10-17,"UT",6.92067150424868
2021-10-17,"HI",4.91265488573605
2021-10-17,"AK",6.53958595561767
2021-10-17,"FL",7.53262361878879
2021-10-17,"GA",7.00850518208228
2021-10-17,"OK",6.85435450225502
2021-10-17,"NYC",6.72503364216684
2021-10-17,"CO",7.46106551435428
2021-10-17,"TX",6.44730586254121
2021-10-17,"PR",4.29045944114839
2021-10-17,"MA",6.90475076996184
2021-10-17,"WV",6.75693238924755
2021-10-17,"TN",6.73696695800186
2021-10-17,"PA",8.24852912480022
2021-10-17,"IA",6.4425401664682
2021-10-17,"OH",7.83042561782033
2021-10-17,"RMI",0
2021-10-17,"SD",4.77068462446567
2021-10-17,"NM",6.4393503711001
2021-10-17,"NY",8.05515773181968
2021-11-12,"ND",6.21460809842219
2021-11-12,"WA",7.71467747380093
2021-11-12,"MD",6.8134445995109
2021-11-12,"VT",6.17586727010576
2021-11-12,"ME",6.7093043402583
2021-11-12,"NE",6.76041469108343
2021-11-12,"DE",6.01126717440416
2021-11-12,"WI",8.23031079913502
2021-11-12,"GU",3.36729582998647
2021-11-12,"MI",9.7858295090679
2021-11-12,"CT",6.12905021006055
2021-11-12,"NV",7.23561914106675
2021-11-12,"IN",8.81418182318832
2021-11-12,"ID",6.84906628263346
2021-11-12,"MO",7.46450983463653
2021-11-12,"MT",7.07496319796604
2021-11-12,"IL",8.98130449495713
2021-11-12,"MS",6.54391184556479
2021-11-12,"AL",6.58063913728495
2021-11-12,"CA",0
2021-11-12,"NC",7.56527528189893
2021-11-12,"NH",7.67693714581808
2021-11-12,"VI",2.77258872223978
2021-11-12,"OR",7.49720722320332
2021-11-12,"FSM",0
2021-11-12,"SC",6.82219739062049
2021-11-12,"NJ",7.5076900778199
2021-11-12,"DC",5.36129216570943
2021-11-12,"MN",8.48446336679332
2021-11-12,"KY",7.15851399732932
2021-11-12,"AZ",8.40020983593042
2021-11-12,"RI",5.67675380226828
2021-11-12,"LA",6.58892647753352
2021-11-12,"VA",7.17165682276851
2021-11-12,"WY",6.66695679242921
2021-11-12,"KS",7.90322680873073
2021-11-12,"AS",0
2021-11-12,"AR",6.24610676548156
2021-11-12,"MP",0.693147180559945
2021-11-12,"PW",0
2021-11-12,"UT",8.25400859056484
2021-11-12,"HI",4.84418708645859
2021-11-12,"AK",6.74875954749168
2021-11-12,"FL",7.41997992366183
2021-11-12,"GA",7.72709448477984
2021-11-12,"OK",6.79122146272619
2021-11-12,"NYC",7.36833968631138
2021-11-12,"CO",8.22977775008189
2021-11-12,"TX",7.94236223767433
2021-11-12,"PR",5.57972982598622
2021-11-12,"MA",8.29129585190541
2021-11-12,"WV",7.03790596344718
2021-11-12,"TN",7.08590146436561
2021-11-12,"PA",8.62263370387423
2021-11-12,"IA",8.03624994213212
2021-11-12,"OH",8.59044365315583
2021-11-12,"RMI",0
2021-11-12,"SD",6.25766758788264
2021-11-12,"NM",8.16678428905615
2021-11-12,"NY",8.51919119407891
2021-11-20,"ND",0
2021-11-20,"WA",7.33367639565768
2021-11-20,"MD",6.92559519711047
2021-11-20,"VT",6.00141487796115
2021-11-20,"ME",6.53524127101366
2021-11-20,"NE",0
2021-11-20,"DE",6.15060276844628
2021-11-20,"WI",0
2021-11-20,"GU",1.6094379124341
2021-11-20,"MI",0
2021-11-20,"CT",0
2021-11-20,"NV",0
2021-11-20,"IN",0
2021-11-20,"ID",5.50938833662798
2021-11-20,"MO",6.90875477931522
2021-11-20,"MT",0
2021-11-20,"IL",0
2021-11-20,"MS",0
2021-11-20,"AL",5.55682806169954
2021-11-20,"CA",0
2021-11-20,"NC",7.65822752616135
2021-11-20,"NH",0
2021-11-20,"VI",0
2021-11-20,"OR",0
2021-11-20,"FSM",0
2021-11-20,"SC",6.85118492749374
2021-11-20,"NJ",7.69621263934641
2021-11-20,"DC",0
2021-11-20,"MN",0
2021-11-20,"KY",7.4489161025442
2021-11-20,"AZ",8.53777982502463
2021-11-20,"RI",6.29156913955832
2021-11-20,"LA",0
2021-11-20,"VA",0
2021-11-20,"WY",0
2021-11-20,"KS",0
2021-11-20,"AS",0
2021-11-20,"AR",6.51471269087253
2021-11-20,"MP",2.07944154167984
2021-11-20,"PW",0
2021-11-20,"UT",0
2021-11-20,"HI",5.36129216570943
2021-11-20,"AK",0
2021-11-20,"FL",7.11476944836646
2021-11-20,"GA",0
2021-11-20,"OK",0
2021-11-20,"NYC",0
2021-11-20,"CO",7.9973268229981
2021-11-20,"TX",7.89020821310996
2021-11-20,"PR",0
2021-11-20,"MA",0
2021-11-20,"WV",6.45519856334012
2021-11-20,"TN",7.35115822643069
2021-11-20,"PA",8.76795190976342
2021-11-20,"IA",0
2021-11-20,"OH",8.62891344102665
2021-11-20,"RMI",0
2021-11-20,"SD",0
2021-11-20,"NM",0
2021-11-20,"NY",8.62281367327992
2021-11-11,"ND",5.99893656194668
2021-11-11,"WA",7.53689712956617
2021-11-11,"MD",6.89365635460264
2021-11-11,"VT",6.32076829425058
2021-11-11,"ME",6.41999492814714
2021-11-11,"NE",6.90575327631146
2021-11-11,"DE",5.80211837537706
2021-11-11,"WI",8.35066624052092
2021-11-11,"GU",3.17805383034795
2021-11-11,"MI",0
2021-11-11,"CT",6.29341927884648
2021-11-11,"NV",0
2021-11-11,"IN",7.98275770201111
2021-11-11,"ID",0
2021-11-11,"MO",8.09285102753838
2021-11-11,"MT",0
2021-11-11,"IL",0
2021-11-11,"MS",0
2021-11-11,"AL",6.28599809450886
2021-11-11,"CA",9.07429152751291
2021-11-11,"NC",7.6231530684769
2021-11-11,"NH",0
2021-11-11,"VI",0
2021-11-11,"OR",0
2021-11-11,"FSM",0
2021-11-11,"SC",6.61204103483309
2021-11-11,"NJ",7.50878717063428
2021-11-11,"DC",0
2021-11-11,"MN",8.54071438645758
2021-11-11,"KY",7.36327958696304
2021-11-11,"AZ",8.19560956728878
2021-11-11,"RI",5.91350300563827
2021-11-11,"LA",0
2021-11-11,"VA",7.29097477814298
2021-11-11,"WY",0
2021-11-11,"KS",0
2021-11-11,"AS",0
2021-11-11,"AR",6.51323011091231
2021-11-11,"MP",2.484906649788
2021-11-11,"PW",0
2021-11-11,"UT",0
2021-11-11,"HI",4.85981240436167
2021-11-11,"AK",0
2021-11-11,"FL",7.36010397298915
2021-11-11,"GA",0
2021-11-11,"OK",6.95081476844258
2021-11-11,"NYC",7.05185562295589
2021-11-11,"CO",8.26049285657318
2021-11-11,"TX",8.23429963569625
2021-11-11,"PR",5.09375020080676
2021-11-11,"MA",0
2021-11-11,"WV",6.94119005506837
2021-11-11,"TN",7.29641326877392
2021-11-11,"PA",8.57432938278705
2021-11-11,"IA",0
2021-11-11,"OH",8.51619269108265
2021-11-11,"RMI",0
2021-11-11,"SD",0
2021-11-11,"NM",0
2021-11-11,"NY",8.57583938684897
2021-11-17,"ND",6.46458830368996
2021-11-17,"WA",7.68432406768116
2021-11-17,"MD",6.67456139181443
2021-11-17,"VT",5.45958551414416
2021-11-17,"ME",6.92853781816467
2021-11-17,"NE",7.09007683577609
2021-11-17,"DE",5.90263333340137
2021-11-17,"WI",8.36240897761537
2021-11-17,"GU",3.25809653802148
2021-11-17,"MI",9.14248970506801
2021-11-17,"CT",6.73221070646721
2021-11-17,"NV",6.59441345974978
2021-11-17,"IN",8.13534694890671
2021-11-17,"ID",6.47850964220857
2021-11-17,"MO",7.63433723562832
2021-11-17,"MT",6.39024066706535
2021-11-17,"IL",8.51519118874556
2021-11-17,"MS",5.42053499927229
2021-11-17,"AL",6.41673228251233
2021-11-17,"CA",8.27205962221041
2021-11-17,"NC",7.72356247227797
2021-11-17,"NH",6.97260625130175
2021-11-17,"VI",2.89037175789616
2021-11-17,"OR",6.88448665204278
2021-11-17,"FSM",0
2021-11-17,"SC",6.38519439899773
2021-11-17,"NJ",7.57507169950756
2021-11-17,"DC",4.46590811865458
2021-11-17,"MN",8.14467918344776
2021-11-17,"KY",7.61283103040736
2021-11-17,"AZ",8.14902386805177
2021-11-17,"RI",6.18826412308259
2021-11-17,"LA",6.4393503711001
2021-11-17,"VA",7.54750168281497
2021-11-17,"WY",5.50533153593236
2021-11-17,"KS",8.0381891799732
2021-11-17,"AS",0
2021-11-17,"AR",6.7202201551353
2021-11-17,"MP",1.94591014905531
2021-11-17,"PW",0
2021-11-17,"UT",7.66387725870347
2021-11-17,"HI",4.89783979995091
2021-11-17,"AK",6.08221891037645
2021-11-17,"FL",7.64060382639363
2021-11-17,"GA",7.08757370555797
2021-11-17,"OK",6.96318998587024
2021-11-17,"NYC",7.34923082461333
2021-11-17,"CO",8.33014046024638
2021-11-17,"TX",8.49043845410742
2021-11-17,"PR",4.90527477843843
2021-11-17,"MA",8.00302866638473
2021-11-17,"WV",6.87832646829133
2021-11-17,"TN",7.40123126441302
2021-11-17,"PA",8.70367275835886
2021-11-17,"IA",7.13009851012558
2021-11-17,"OH",8.76139348525606
2021-11-17,"RMI",0
2021-11-17,"SD",6.18001665365257
2021-11-17,"NM",7.32909373624659
2021-11-17,"NY",8.50207955360619
2021-11-08,"ND",6.84906628263346
2021-11-08,"WA",7.10578612948127
2021-11-08,"MD",6.32076829425058
2021-11-08,"VT",5.41164605185504
2021-11-08,"ME",6.15697898558556
2021-11-08,"NE",7.91971976092457
2021-11-08,"DE",5.44673737166631
2021-11-08,"WI",8.63034328934889
2021-11-08,"GU",4.17438726989564
2021-11-08,"MI",9.21731598571261
2021-11-08,"CT",6.84800527457636
2021-11-08,"NV",7.53743003658651
2021-11-08,"IN",8.48694014824522
2021-11-08,"ID",6.73815249459596
2021-11-08,"MO",7.19593722647557
2021-11-08,"MT",6.80128303447162
2021-11-08,"IL",8.90381521172292
2021-11-08,"MS",6.3297209055227
2021-11-08,"AL",6.97354301952014
2021-11-08,"CA",9.84659969032908
2021-11-08,"NC",6.91473089271856
2021-11-08,"NH",7.59789795052178
2021-11-08,"VI",2.63905732961526
2021-11-08,"OR",7.65775527113487
2021-11-08,"FSM",0
2021-11-08,"SC",6.24222326545517
2021-11-08,"NJ",6.74875954749168
2021-11-08,"DC",5.52942908751142
2021-11-08,"MN",8.35042997353814
2021-11-08,"KY",6.25766758788264
2021-11-08,"AZ",7.88532923927319
2021-11-08,"RI",5.49306144334055
2021-11-08,"LA",6.69826805411541
2021-11-08,"VA",8.14583961293684
2021-11-08,"WY",6.51174532964473
2021-11-08,"KS",7.20042489294496
2021-11-08,"AS",0
2021-11-08,"AR",4.95582705760126
2021-11-08,"MP",0.693147180559945
2021-11-08,"PW",0
2021-11-08,"UT",8.2872767558146
2021-11-08,"HI",4.58496747867057
2021-11-08,"AK",7.20042489294496
2021-11-08,"FL",7.53208814354172
2021-11-08,"GA",0
2021-11-08,"OK",7.30182234213793
2021-11-08,"NYC",7.02197642307216
2021-11-08,"CO",7.67600993202889
2021-11-08,"TX",7.34729970074316
2021-11-08,"PR",4.55387689160054
2021-11-08,"MA",8.37262974022488
2021-11-08,"WV",6.01126717440416
2021-11-08,"TN",6.30991827822652
2021-11-08,"PA",8.08794755464267
2021-11-08,"IA",8.08394570229562
2021-11-08,"OH",8.04654935728308
2021-11-08,"RMI",0
2021-11-08,"SD",5.99645208861902
2021-11-08,"NM",8.11522197256233
2021-11-08,"NY",7.8991534833431
2021-11-03,"ND",6.41673228251233
2021-11-03,"WA",7.42356844425917
2021-11-03,"MD",6.54678541076052
2021-11-03,"VT",5.12396397940326
2021-11-03,"ME",6.46146817635372
2021-11-03,"NE",6.81673588059497
2021-11-03,"DE",5.58724865840025
2021-11-03,"WI",7.79234892411304
2021-11-03,"GU",4.58496747867057
2021-11-03,"MI",8.83680988239836
2021-11-03,"CT",5.97126183979046
2021-11-03,"NV",6.7428806357919
2021-11-03,"IN",7.58984151218266
2021-11-03,"ID",7.12689080889881
2021-11-03,"MO",7.07496319796604
2021-11-03,"MT",6.76503897678054
2021-11-03,"IL",7.46565531013406
2021-11-03,"MS",5.98141421125448
2021-11-03,"AL",7.07157336421153
2021-11-03,"CA",8.16593213732158
2021-11-03,"NC",7.54062152865715
2021-11-03,"NH",6.43454651878745
2021-11-03,"VI",2.94443897916644
2021-11-03,"OR",7.02286808608264
2021-11-03,"FSM",0
2021-11-03,"SC",6.28599809450886
2021-11-03,"NJ",7.1693500166706
2021-11-03,"DC",4.12713438504509
2021-11-03,"MN",7.98684490116138
2021-11-03,"KY",7.22183582528845
2021-11-03,"AZ",7.68753876620163
2021-11-03,"RI",5.60947179518496
2021-11-03,"LA",6.10031895202006
2021-11-03,"VA",7.30988148582479
2021-11-03,"WY",6.0282785202307
2021-11-03,"KS",7.72488843932307
2021-11-03,"AS",0
2021-11-03,"AR",6.30444880242198
2021-11-03,"MP",2.484906649788
2021-11-03,"PW",0
2021-11-03,"UT",7.67461749736436
2021-11-03,"HI",5.08759633523238
2021-11-03,"AK",6.50428817353665
2021-11-03,"FL",7.5595594960077
2021-11-03,"GA",7.09754885061479
2021-11-03,"OK",7.31455283232408
2021-11-03,"NYC",6.94505106372583
2021-11-03,"CO",8.05038445306702
2021-11-03,"TX",8.46337038471873
2021-11-03,"PR",4.96284463025991
2021-11-03,"MA",7.2902928824466
2021-11-03,"WV",6.74523634948436
2021-11-03,"TN",7.02108396428914
2021-11-03,"PA",8.24800570160062
2021-11-03,"IA",6.02102334934953
2021-11-03,"OH",8.41272116981953
2021-11-03,"RMI",0
2021-11-03,"SD",6.25575004175337
2021-11-03,"NM",7.05789793741186
2021-11-03,"NY",8.0805469658245
2021-10-21,"ND",6.34212141872115
2021-10-21,"WA",8.04910772132641
2021-10-21,"MD",6.97541392745595
2021-10-21,"VT",5.71702770140622
2021-10-21,"ME",6.05443934626937
2021-10-21,"NE",6.16331480403464
2021-10-21,"DE",5.92958914338989
2021-10-21,"WI",7.86249719723055
2021-10-21,"GU",4.54329478227
2021-10-21,"MI",8.48094405874112
2021-10-21,"CT",6.01859321449623
2021-10-21,"NV",6.5792512120101
2021-10-21,"IN",7.67368812926773
2021-10-21,"ID",7.19218205871325
2021-10-21,"MO",7.04141166379481
2021-10-21,"MT",6.88448665204278
2021-10-21,"IL",7.67182679787878
2021-10-21,"MS",6.04737217904628
2021-10-21,"AL",7.38647084882989
2021-10-21,"CA",9.03693891255679
2021-10-21,"NC",7.80302664363222
2021-10-21,"NH",6.46302945692067
2021-10-21,"VI",2.99573227355399
2021-10-21,"OR",7.23056315340929
2021-10-21,"FSM",0
2021-10-21,"SC",6.86380339145295
2021-10-21,"NJ",7.29233717617388
2021-10-21,"DC",4.31748811353631
2021-10-21,"MN",7.76302130901852
2021-10-21,"KY",7.27447955877387
2021-10-21,"AZ",7.82244472948932
2021-10-21,"RI",5.53733426701854
2021-10-21,"LA",6.82871207164168
2021-10-21,"VA",7.4121603349452
2021-10-21,"WY",6.48616078894409
2021-10-21,"KS",6.85329909318608
2021-10-21,"AS",0.693147180559945
2021-10-21,"AR",6.22851100359118
2021-10-21,"MP",0.693147180559945
2021-10-21,"PW",0
2021-10-21,"UT",7.75833346749091
2021-10-21,"HI",4.96284463025991
2021-10-21,"AK",6.90875477931522
2021-10-21,"FL",7.65633716643018
2021-10-21,"GA",7.30518821539304
2021-10-21,"OK",6.95654544315157
2021-10-21,"NYC",6.81892406527552
2021-10-21,"CO",8.09529377684465
2021-10-21,"TX",8.36892517474713
2021-10-21,"PR",4.89034912822175
2021-10-21,"MA",7.23128700432762
2021-10-21,"WV",7.00397413672268
2021-10-21,"TN",7.40062057737113
2021-10-21,"PA",8.51699317141357
2021-10-21,"IA",7.1066061377273
2021-10-21,"OH",8.3150770072941
2021-10-21,"RMI",0
2021-10-21,"SD",6.03548143252476
2021-10-21,"NM",7.03262426102801
2021-10-21,"NY",8.0643219609108
2021-10-15,"ND",6.25958146406492
2021-10-15,"WA",7.86441990499457
2021-10-15,"MD",6.97447891102505
2021-10-15,"VT",5.34233425196481
2021-10-15,"ME",6.26149168432104
2021-10-15,"NE",6.49526555593701
2021-10-15,"DE",6.11589212548303
2021-10-15,"WI",7.91607809630279
2021-10-15,"GU",3.95124371858143
2021-10-15,"MI",8.60703389541603
2021-10-15,"CT",6.20455776256869
2021-10-15,"NV",6.25766758788264
2021-10-15,"IN",7.72444664563354
2021-10-15,"ID",7.32712329225929
2021-10-15,"MO",6.96790920180188
2021-10-15,"MT",7.04141166379481
2021-10-15,"IL",7.78904040165748
2021-10-15,"MS",5.54907608489522
2021-10-15,"AL",6.80682936039218
2021-10-15,"CA",8.73052880173936
2021-10-15,"NC",8.02387999273488
2021-10-15,"NH",6.44094654063292
2021-10-15,"VI",3.25809653802148
2021-10-15,"OR",7.04838640872188
2021-10-15,"FSM",0
2021-10-15,"SC",7.25488481007734
2021-10-15,"NJ",7.23273313617761
2021-10-15,"DC",4.8283137373023
2021-10-15,"MN",8.11432470915534
2021-10-15,"KY",7.41095187558364
2021-10-15,"AZ",7.78322401633604
2021-10-15,"RI",5.84932477994686
2021-10-15,"LA",6.32793678372919
2021-10-15,"VA",7.2152399787301
2021-10-15,"WY",6.16120732169508
2021-10-15,"KS",6.81454289725996
2021-10-15,"AS",0
2021-10-15,"AR",6.57228254269401
2021-10-15,"MP",0
2021-10-15,"PW",0
2021-10-15,"UT",7.30921236569276
2021-10-15,"HI",5.02388052084628
2021-10-15,"AK",6.87626461189077
2021-10-15,"FL",7.89020821310996
2021-10-15,"GA",7.55276208421415
2021-10-15,"OK",7.04490511712937
2021-10-15,"NYC",6.72383244082121
2021-10-15,"CO",7.82843635915759
2021-10-15,"TX",8.70516541971901
2021-10-15,"PR",4.65396035015752
2021-10-15,"MA",7.40853056689463
2021-10-15,"WV",7.22402480828583
2021-10-15,"TN",7.62851762657506
2021-10-15,"PA",8.65277248565806
2021-10-15,"IA",7.11476944836646
2021-10-15,"OH",8.50471566990512
2021-10-15,"RMI",0
2021-10-15,"SD",5.76519110278484
2021-10-15,"NM",6.68710860786651
2021-10-15,"NY",8.36822903827628
2021-11-26,"ND",5.91350300563827
2021-11-26,"WA",7.47873482556787
2021-11-26,"MD",6.90575327631146
2021-11-26,"VT",5.92157841964382
2021-11-26,"ME",5.72031177660741
2021-11-26,"NE",6.72503364216684
2021-11-26,"DE",6.24997524225948
2021-11-26,"WI",6.62539236800796
2021-11-26,"GU",1.38629436111989
2021-11-26,"MI",8.62407255304333
2021-11-26,"CT",7.55013534248843
2021-11-26,"NV",5.97635090929793
2021-11-26,"IN",7.83557924666997
2021-11-26,"ID",5.97126183979046
2021-11-26,"MO",7.20711885620776
2021-11-26,"MT",5.97635090929793
2021-11-26,"IL",8.25660734462616
2021-11-26,"MS",5.28826703069454
2021-11-26,"AL",5.55295958492162
2021-11-26,"CA",8.34188696951619
2021-11-26,"NC",7.35819375273303
2021-11-26,"NH",6.82001636467413
2021-11-26,"VI",0
2021-11-26,"OR",6.24804287450843
2021-11-26,"FSM",0
2021-11-26,"SC",6.74758652682932
2021-11-26,"NJ",7.67089483136212
2021-11-26,"DC",0
2021-11-26,"MN",8.32627478739676
2021-11-26,"KY",6.69208374250663
2021-11-26,"AZ",8.1086232683546
2021-11-26,"RI",5.34233425196481
2021-11-26,"LA",5.52545293913178
2021-11-26,"VA",7.04664727784876
2021-11-26,"WY",0
2021-11-26,"KS",6.71659477352098
2021-11-26,"AS",0
2021-11-26,"AR",5.71702770140622
2021-11-26,"MP",3.8286413964891
2021-11-26,"PW",0
2021-11-26,"UT",7.78986855905471
2021-11-26,"HI",2.99573227355399
2021-11-26,"AK",6.42971947803914
2021-11-26,"FL",6.58063913728495
2021-11-26,"GA",6.55250788703459
2021-11-26,"OK",6.62273632394984
2021-11-26,"NYC",0
2021-11-26,"CO",7.18614430452233
2021-11-26,"TX",6.45519856334012
2021-11-26,"PR",4.65396035015752
2021-11-26,"MA",8.57527340249276
2021-11-26,"WV",6.43133108193348
2021-11-26,"TN",6.68461172766793
2021-11-26,"PA",8.71980745147795
2021-11-26,"IA",7.84031298332016
2021-11-26,"OH",9.12085320547465
2021-11-26,"RMI",0
2021-11-26,"SD",0
2021-11-26,"NM",6.9177056098353
2021-11-26,"NY",8.50471566990512
2021-11-09,"ND",6.46769872610435
2021-11-09,"WA",7.29844510150815
2021-11-09,"MD",6.10702288774225
2021-11-09,"VT",5.16478597392351
2021-11-09,"ME",6.72743172485086
2021-11-09,"NE",6.86589107488344
2021-11-09,"DE",4.17438726989564
2021-11-09,"WI",8.2725706084249
2021-11-09,"GU",4.12713438504509
2021-11-09,"MI",8.57508466983201
2021-11-09,"CT",5.73657229747919
2021-11-09,"NV",6.67959918584438
2021-11-09,"IN",7.58528107863913
2021-11-09,"ID",6.64509096950564
2021-11-09,"MO",7.41577697541539
2021-11-09,"MT",7.02019070831193
2021-11-09,"IL",7.71690613529839
2021-11-09,"MS",5.88887795833288
2021-11-09,"AL",5.4553211153577
2021-11-09,"CA",8.28045768658256
2021-11-09,"NC",7.30720231476474
2021-11-09,"NH",5.96870755998537
2021-11-09,"VI",1.38629436111989
2021-11-09,"OR",7.00760061395185
2021-11-09,"FSM",0
2021-11-09,"SC",5.98393628068719
2021-11-09,"NJ",7.4759059693674
2021-11-09,"DC",3.80666248977032
2021-11-09,"MN",8.8771028978649
2021-11-09,"KY",7.44600149832412
2021-11-09,"AZ",8.0452677166078
2021-11-09,"RI",5.72358510195238
2021-11-09,"LA",6.16331480403464
2021-11-09,"VA",7.24992553671799
2021-11-09,"WY",5.6970934865054
2021-11-09,"KS",6.3818160174061
2021-11-09,"AS",0
2021-11-09,"AR",6.42162226780652
2021-11-09,"MP",2.30258509299405
2021-11-09,"PW",0
2021-11-09,"UT",7.35179986905778
2021-11-09,"HI",4.33073334028633
2021-11-09,"AK",5.92692602597041
2021-11-09,"FL",7.31521838975297
2021-11-09,"GA",7.97590836016554
2021-11-09,"OK",6.04263283368238
2021-11-09,"NYC",6.96790920180188
2021-11-09,"CO",7.74975340627444
2021-11-09,"TX",8.58671925406485
2021-11-09,"PR",4.72738781871234
2021-11-09,"MA",7.33953769540767
2021-11-09,"WV",5.56068163101553
2021-11-09,"TN",7.04577657687951
2021-11-09,"PA",8.2995345703326
2021-11-09,"IA",7.39756153552405
2021-11-09,"OH",8.50774873258824
2021-11-09,"RMI",0
2021-11-09,"SD",6.77078942390898
2021-11-09,"NM",7.0352685992811
2021-11-09,"NY",8.08917567883756
2021-10-20,"ND",6.28599809450886
2021-10-20,"WA",7.79934339821592
2021-10-20,"MD",6.57646956904822
2021-10-20,"VT",4.60517018598809
2021-10-20,"ME",6.33859407820318
2021-10-20,"NE",6.68835471394676
2021-10-20,"DE",5.66988092298052
2021-10-20,"WI",7.82843635915759
2021-10-20,"GU",4.64439089914137
2021-10-20,"MI",8.279189777195
2021-10-20,"CT",5.95324333428778
2021-10-20,"NV",6.57507584059962
2021-10-20,"IN",7.57609734062311
2021-10-20,"ID",7.34601020991329
2021-10-20,"MO",7.07242190053737
2021-10-20,"MT",7.1276936993474
2021-10-20,"IL",7.80302664363222
2021-10-20,"MS",0
2021-10-20,"AL",6.96885037834195
2021-10-20,"CA",8.02975852044082
2021-10-20,"NC",7.80751004221619
2021-10-20,"NH",6.35610766069589
2021-10-20,"VI",2.70805020110221
2021-10-20,"OR",7.18083119904456
2021-10-20,"FSM",0
2021-10-20,"SC",6.86171134048073
2021-10-20,"NJ",7.00940893270864
2021-10-20,"DC",4.02535169073515
2021-10-20,"MN",7.52131798019924
2021-10-20,"KY",7.36770857237437
2021-10-20,"AZ",7.59689443814454
2021-10-20,"RI",5.50938833662798
2021-10-20,"LA",6.20657592672493
2021-10-20,"VA",7.48436864328613
2021-10-20,"WY",6.08904487544685
2021-10-20,"KS",6.96790920180188
2021-10-20,"AS",0
2021-10-20,"AR",6.51174532964473
2021-10-20,"MP",0
2021-10-20,"PW",0
2021-10-20,"UT",7.25205395185281
2021-10-20,"HI",4.90527477843843
2021-10-20,"AK",6.69208374250663
2021-10-20,"FL",7.82204400818562
2021-10-20,"GA",7.42833319419081
2021-10-20,"OK",7.04664727784876
2021-10-20,"NYC",7.03614849375054
2021-10-20,"CO",7.74586822979227
2021-10-20,"TX",8.58091888229678
2021-10-20,"PR",4.70953020131233
2021-10-20,"MA",7.29369772060144
2021-10-20,"WV",6.92067150424868
2021-10-20,"TN",7.54644627374602
2021-10-20,"PA",8.18451375303372
2021-10-20,"IA",5.66296048013595
2021-10-20,"OH",8.42836197770962
2021-10-20,"RMI",0
2021-10-20,"SD",6.1463292576689
2021-10-20,"NM",6.44571981938558
2021-10-20,"NY",8.17131687471973
